mc	mn	quarterbeats	quarterbeats_all_endings	duration_qb	volta	mc_onset	mn_onset	event	timesig	staff	voice	duration	gracenote	nominal_duration	scalar	chord_id	dynamics	articulation	system_text	tempo	qpm	metronome_base	metronome_number	tempo_visible	slur
1	0	0	0	0.0		0	1/4	Dynamic	2/4	1	1	0					p								
1	0	0	0	0.0		0	1/4	SystemText	2/4	1	1	0							ALLA TURCA						
1	0	0	0	0.0		0	1/4	Tempo	2/4	1	1	0								ùÖû=68	136.0	ùÖû	68.0	0.0	
1	0	0	0	0.0		0	1/4	Tempo	2/4	1	1	0								Allegretto	136.0			1.0	
1	0	0	0	0.0		0	1/4	Chord	2/4	1	1	0	grace16	1/16	1	0									
1	0	0	0	0.5		0	1/4	Chord	2/4	1	1	1/8		1/8	1	1									
1	0	1/2	1/2	0.25		1/8	3/8	Chord	2/4	1	1	1/16		1/16	1	2									
1	0	3/4	3/4	0.25		3/16	7/16	Chord	2/4	1	1	1/16		1/16	1	3									
2	1	1	1	0.5		0	0	Chord	2/4	1	1	1/8		1/8	1	4									
2	1	2	2	0.0		1/4	1/4	Chord	2/4	1	1	0	grace16	1/16	1	5									
2	1	2	2	0.5		1/4	1/4	Chord	2/4	1	1	1/8		1/8	1	6									
2	1	5/2	5/2	0.25		3/8	3/8	Chord	2/4	1	1	1/16		1/16	1	7									
2	1	11/4	11/4	0.25		7/16	7/16	Chord	2/4	1	1	1/16		1/16	1	8									
2	1	1	1	0.0		0	0	Dynamic	2/4	2	1	0					p								
2	1	1	1	0.5		0	0	Chord	2/4	2	1	1/8		1/8	1	9									0
2	1	3/2	3/2	0.5		1/8	1/8	Chord	2/4	2	1	1/8		1/8	1	10									
2	1	2	2	0.5		1/4	1/4	Chord	2/4	2	1	1/8		1/8	1	11									
2	1	5/2	5/2	0.5		3/8	3/8	Chord	2/4	2	1	1/8		1/8	1	12									
3	2	3	3	0.5		0	0	Chord	2/4	1	1	1/8		1/8	1	13									
3	2	4	4	0.0		1/4	1/4	Chord	2/4	1	1	0	grace16	1/16	1	14									
3	2	4	4	0.5		1/4	1/4	Chord	2/4	1	1	1/8		1/8	1	15									
3	2	9/2	9/2	0.25		3/8	3/8	Chord	2/4	1	1	1/16		1/16	1	16									
3	2	19/4	19/4	0.25		7/16	7/16	Chord	2/4	1	1	1/16		1/16	1	17									
3	2	3	3	0.5		0	0	Chord	2/4	2	1	1/8		1/8	1	18									1
3	2	7/2	7/2	0.5		1/8	1/8	Chord	2/4	2	1	1/8		1/8	1	19									
3	2	4	4	0.5		1/4	1/4	Chord	2/4	2	1	1/8		1/8	1	20									
3	2	9/2	9/2	0.5		3/8	3/8	Chord	2/4	2	1	1/8		1/8	1	21									
4	3	5	5	0.0		0	0	Chord	2/4	1	1	0	grace16	1/16	1	22									
4	3	5	5	0.5		0	0	Chord	2/4	1	1	1/8		1/8	1	23									
4	3	11/2	11/2	0.25		1/8	1/8	Chord	2/4	1	1	1/16		1/16	1	24									
4	3	23/4	23/4	0.25		3/16	3/16	Chord	2/4	1	1	1/16		1/16	1	25									
4	3	6	6	0.0		1/4	1/4	Chord	2/4	1	1	0	grace16	1/16	1	26									
4	3	6	6	0.5		1/4	1/4	Chord	2/4	1	1	1/8		1/8	1	27									
4	3	13/2	13/2	0.25		3/8	3/8	Chord	2/4	1	1	1/16		1/16	1	28									
4	3	27/4	27/4	0.25		7/16	7/16	Chord	2/4	1	1	1/16		1/16	1	29									
4	3	5	5	0.5		0	0	Chord	2/4	2	1	1/8		1/8	1	30									
4	3	11/2	11/2	0.5		1/8	1/8	Chord	2/4	2	1	1/8		1/8	1	31									
4	3	6	6	0.5		1/4	1/4	Chord	2/4	2	1	1/8		1/8	1	32									
4	3	13/2	13/2	0.5		3/8	3/8	Chord	2/4	2	1	1/8		1/8	1	33									
5	4	7	7	1.0		0	0	Chord	2/4	1	1	1/4		1/4	1	34									
5	4	8	8	0.5		1/4	1/4	Chord	2/4	1	1	1/8		1/8	1	35									
5	4	17/2	17/2	0.5		3/8	3/8	Chord	2/4	1	1	1/8		1/8	1	36									
5	4	7	7	0.5		0	0	Chord	2/4	2	1	1/8		1/8	1	37									2
5	4	15/2	15/2	0.5		1/8	1/8	Chord	2/4	2	1	1/8		1/8	1	38									
5	4	8	8	0.5		1/4	1/4	Chord	2/4	2	1	1/8		1/8	1	39									
5	4	17/2	17/2	0.5		3/8	3/8	Chord	2/4	2	1	1/8		1/8	1	40									
6	5	9	9	0.0		0	0	Chord	2/4	1	1	0	grace16	1/32	1	41									
6	5	9	9	0.0		0	0	Chord	2/4	1	1	0	grace16	1/32	1	42									
6	5	9	9	0.5		0	0	Chord	2/4	1	1	1/8		1/8	1	43									
6	5	19/2	19/2	0.5		1/8	1/8	Chord	2/4	1	1	1/8		1/8	1	44									
6	5	10	10	0.5		1/4	1/4	Chord	2/4	1	1	1/8		1/8	1	45									
6	5	21/2	21/2	0.5		3/8	3/8	Chord	2/4	1	1	1/8		1/8	1	46									
6	5	9	9	0.5		0	0	Chord	2/4	2	1	1/8		1/8	1	47									
6	5	19/2	19/2	0.5		1/8	1/8	Chord	2/4	2	1	1/8		1/8	1	48									
6	5	10	10	0.5		1/4	1/4	Chord	2/4	2	1	1/8		1/8	1	49									
6	5	21/2	21/2	0.5		3/8	3/8	Chord	2/4	2	1	1/8		1/8	1	50									
7	6	11	11	0.0		0	0	Chord	2/4	1	1	0	grace16	1/32	1	51									
7	6	11	11	0.0		0	0	Chord	2/4	1	1	0	grace16	1/32	1	52									
7	6	11	11	0.5		0	0	Chord	2/4	1	1	1/8		1/8	1	53									
7	6	23/2	23/2	0.5		1/8	1/8	Chord	2/4	1	1	1/8		1/8	1	54									
7	6	12	12	0.5		1/4	1/4	Chord	2/4	1	1	1/8		1/8	1	55									
7	6	25/2	25/2	0.5		3/8	3/8	Chord	2/4	1	1	1/8		1/8	1	56									
7	6	11	11	0.5		0	0	Chord	2/4	2	1	1/8		1/8	1	57									
7	6	23/2	23/2	0.5		1/8	1/8	Chord	2/4	2	1	1/8		1/8	1	58									
7	6	12	12	0.5		1/4	1/4	Chord	2/4	2	1	1/8		1/8	1	59									
7	6	25/2	25/2	0.5		3/8	3/8	Chord	2/4	2	1	1/8		1/8	1	60									
8	7	13	13	0.0		0	0	Chord	2/4	1	1	0	grace16	1/32	1	61									
8	7	13	13	0.0		0	0	Chord	2/4	1	1	0	grace16	1/32	1	62									
8	7	13	13	0.5		0	0	Chord	2/4	1	1	1/8		1/8	1	63									
8	7	27/2	27/2	0.5		1/8	1/8	Chord	2/4	1	1	1/8		1/8	1	64									
8	7	14	14	0.5		1/4	1/4	Chord	2/4	1	1	1/8		1/8	1	65									
8	7	29/2	29/2	0.5		3/8	3/8	Chord	2/4	1	1	1/8		1/8	1	66									
8	7	13	13	0.5		0	0	Chord	2/4	2	1	1/8		1/8	1	67									
8	7	27/2	27/2	0.5		1/8	1/8	Chord	2/4	2	1	1/8		1/8	1	68									
8	7	14	14	0.5		1/4	1/4	Chord	2/4	2	1	1/8		1/8	1	69									
8	7	29/2	29/2	0.5		3/8	3/8	Chord	2/4	2	1	1/8		1/8	1	70									
9	8	15	15	1.0		0	0	Chord	2/4	1	1	1/4		1/4	1	71									
9	8	15	15	1.0		0	0	Chord	2/4	2	1	1/4		1/4	1	72									
10	8	16	16	0.5		0	1/4	Chord	2/4	1	1	1/8		1/8	1	73									
10	8	33/2	33/2	0.5		1/8	3/8	Chord	2/4	1	1	1/8		1/8	1	74									
11	9	17	17	0.5		0	0	Chord	2/4	1	1	1/8		1/8	1	75									
11	9	35/2	35/2	0.5		1/8	1/8	Chord	2/4	1	1	1/8		1/8	1	76									
11	9	18	18	0.0		1/4	1/4	Chord	2/4	1	1	0	grace16	1/16	1	77									
11	9	18	18	0.5		1/4	1/4	Chord	2/4	1	1	1/8		1/8	1	78									
11	9	37/2	37/2	0.25		3/8	3/8	Chord	2/4	1	1	1/16		1/16	1	79									
11	9	75/4	75/4	0.25		7/16	7/16	Chord	2/4	1	1	1/16		1/16	1	80									
11	9	17	17	0.5		0	0	Chord	2/4	2	1	1/8		1/8	1	81									
11	9	35/2	35/2	0.5		1/8	1/8	Chord	2/4	2	1	1/8		1/8	1	82									
11	9	18	18	0.5		1/4	1/4	Chord	2/4	2	1	1/8		1/8	1	83									
11	9	37/2	37/2	0.5		3/8	3/8	Chord	2/4	2	1	1/8		1/8	1	84									
12	10	19	19	1.0		0	0	Chord	2/4	1	1	1/4		1/4	1	85									
12	10	20	20	0.5		1/4	1/4	Chord	2/4	1	1	1/8		1/8	1	86									
12	10	41/2	41/2	0.5		3/8	3/8	Chord	2/4	1	1	1/8		1/8	1	87									
12	10	19	19	0.5		0	0	Chord	2/4	1	2	1/8		1/8	1	88									
12	10	39/2	39/2	0.5		1/8	1/8	Chord	2/4	1	2	1/8		1/8	1	89									
12	10	19	19	1.0		0	0	Chord	2/4	2	1	1/4		1/4	1	90									
13	11	21	21	0.5		0	0	Chord	2/4	1	1	1/8		1/8	1	91									
13	11	43/2	43/2	0.5		1/8	1/8	Chord	2/4	1	1	1/8		1/8	1	92									
13	11	22	22	0.0		1/4	1/4	Chord	2/4	1	1	0	grace16	1/16	1	93									
13	11	22	22	0.5		1/4	1/4	Chord	2/4	1	1	1/8		1/8	1	94									
13	11	45/2	45/2	0.25		3/8	3/8	Chord	2/4	1	1	1/16		1/16	1	95									
13	11	91/4	91/4	0.25		7/16	7/16	Chord	2/4	1	1	1/16		1/16	1	96									
13	11	21	21	0.5		0	0	Chord	2/4	2	1	1/8		1/8	1	97									
13	11	43/2	43/2	0.5		1/8	1/8	Chord	2/4	2	1	1/8		1/8	1	98									
13	11	22	22	0.5		1/4	1/4	Chord	2/4	2	1	1/8		1/8	1	99									
13	11	45/2	45/2	0.5		3/8	3/8	Chord	2/4	2	1	1/8		1/8	1	100									
14	12	23	23	1.0		0	0	Chord	2/4	1	1	1/4		1/4	1	101									
14	12	24	24	0.5		1/4	1/4	Chord	2/4	1	1	1/8		1/8	1	102									
14	12	49/2	49/2	0.5		3/8	3/8	Chord	2/4	1	1	1/8		1/8	1	103									
14	12	23	23	1.0		0	0	Chord	2/4	2	1	1/4		1/4	1	104									
15	13	25	25	0.5		0	0	Chord	2/4	1	1	1/8		1/8	1	105									
15	13	51/2	51/2	0.5		1/8	1/8	Chord	2/4	1	1	1/8		1/8	1	106									
15	13	26	26	0.0		1/4	1/4	Chord	2/4	1	1	0	grace16	1/16	1	107									
15	13	26	26	0.5		1/4	1/4	Chord	2/4	1	1	1/8		1/8	1	108									
15	13	53/2	53/2	0.25		3/8	3/8	Chord	2/4	1	1	1/16		1/16	1	109									
15	13	107/4	107/4	0.25		7/16	7/16	Chord	2/4	1	1	1/16		1/16	1	110									
15	13	25	25	0.5		0	0	Chord	2/4	2	1	1/8		1/8	1	111									
15	13	51/2	51/2	0.5		1/8	1/8	Chord	2/4	2	1	1/8		1/8	1	112									
15	13	26	26	0.5		1/4	1/4	Chord	2/4	2	1	1/8		1/8	1	113									
15	13	53/2	53/2	0.5		3/8	3/8	Chord	2/4	2	1	1/8		1/8	1	114									
16	14	27	27	1.0		0	0	Chord	2/4	1	1	1/4		1/4	1	115									
16	14	28	28	0.5		1/4	1/4	Chord	2/4	1	1	1/8		1/8	1	116									
16	14	57/2	57/2	0.5		3/8	3/8	Chord	2/4	1	1	1/8		1/8	1	117									
16	14	27	27	0.5		0	0	Chord	2/4	1	2	1/8		1/8	1	118									
16	14	55/2	55/2	0.5		1/8	1/8	Chord	2/4	1	2	1/8		1/8	1	119									
16	14	27	27	1.0		0	0	Chord	2/4	2	1	1/4		1/4	1	120									
17	15	29	29	0.5		0	0	Chord	2/4	1	1	1/8		1/8	1	121									
17	15	59/2	59/2	0.5		1/8	1/8	Chord	2/4	1	1	1/8		1/8	1	122									
17	15	30	30	0.0		1/4	1/4	Chord	2/4	1	1	0	grace16	1/16	1	123									
17	15	30	30	0.5		1/4	1/4	Chord	2/4	1	1	1/8		1/8	1	124									
17	15	61/2	61/2	0.25		3/8	3/8	Chord	2/4	1	1	1/16		1/16	1	125									
17	15	123/4	123/4	0.25		7/16	7/16	Chord	2/4	1	1	1/16		1/16	1	126									
17	15	29	29	0.5		0	0	Chord	2/4	2	1	1/8		1/8	1	127									
17	15	59/2	59/2	0.5		1/8	1/8	Chord	2/4	2	1	1/8		1/8	1	128									
17	15	30	30	0.5		1/4	1/4	Chord	2/4	2	1	1/8		1/8	1	129									
17	15	61/2	61/2	0.5		3/8	3/8	Chord	2/4	2	1	1/8		1/8	1	130									
18	16	31	31	1.0		0	0	Chord	2/4	1	1	1/4		1/4	1	131									
18	16	32	32	0.0		1/4	1/4	Chord	2/4	1	1	0	grace16	1/16	1	132									
18	16	32	32	0.5		1/4	1/4	Chord	2/4	1	1	1/8		1/8	1	133									
18	16	65/2	65/2	0.25		3/8	3/8	Chord	2/4	1	1	1/16		1/16	1	134									
18	16	131/4	131/4	0.25		7/16	7/16	Chord	2/4	1	1	1/16		1/16	1	135									
18	16	31	31	1.0		0	0	Chord	2/4	2	1	1/4		1/4	1	136									
19	17	33	33	0.5		0	0	Chord	2/4	1	1	1/8		1/8	1	137									
19	17	34	34	0.0		1/4	1/4	Chord	2/4	1	1	0	grace16	1/16	1	138									
19	17	34	34	0.5		1/4	1/4	Chord	2/4	1	1	1/8		1/8	1	139									
19	17	69/2	69/2	0.25		3/8	3/8	Chord	2/4	1	1	1/16		1/16	1	140									
19	17	139/4	139/4	0.25		7/16	7/16	Chord	2/4	1	1	1/16		1/16	1	141									
19	17	33	33	0.5		0	0	Chord	2/4	2	1	1/8		1/8	1	142									3
19	17	67/2	67/2	0.5		1/8	1/8	Chord	2/4	2	1	1/8		1/8	1	143									
19	17	34	34	0.5		1/4	1/4	Chord	2/4	2	1	1/8		1/8	1	144									
19	17	69/2	69/2	0.5		3/8	3/8	Chord	2/4	2	1	1/8		1/8	1	145									
20	18	35	35	0.5		0	0	Chord	2/4	1	1	1/8		1/8	1	146									
20	18	36	36	0.0		1/4	1/4	Chord	2/4	1	1	0	grace16	1/16	1	147									
20	18	36	36	0.5		1/4	1/4	Chord	2/4	1	1	1/8		1/8	1	148									
20	18	73/2	73/2	0.25		3/8	3/8	Chord	2/4	1	1	1/16		1/16	1	149									
20	18	147/4	147/4	0.25		7/16	7/16	Chord	2/4	1	1	1/16		1/16	1	150									
20	18	35	35	0.5		0	0	Chord	2/4	2	1	1/8		1/8	1	151									4
20	18	71/2	71/2	0.5		1/8	1/8	Chord	2/4	2	1	1/8		1/8	1	152									
20	18	36	36	0.5		1/4	1/4	Chord	2/4	2	1	1/8		1/8	1	153									
20	18	73/2	73/2	0.5		3/8	3/8	Chord	2/4	2	1	1/8		1/8	1	154									
21	19	37	37	0.0		0	0	Chord	2/4	1	1	0	grace16	1/16	1	155									
21	19	37	37	0.5		0	0	Chord	2/4	1	1	1/8		1/8	1	156									
21	19	75/2	75/2	0.25		1/8	1/8	Chord	2/4	1	1	1/16		1/16	1	157									
21	19	151/4	151/4	0.25		3/16	3/16	Chord	2/4	1	1	1/16		1/16	1	158									
21	19	38	38	0.0		1/4	1/4	Chord	2/4	1	1	0	grace16	1/16	1	159									
21	19	38	38	0.5		1/4	1/4	Chord	2/4	1	1	1/8		1/8	1	160									
21	19	77/2	77/2	0.25		3/8	3/8	Chord	2/4	1	1	1/16		1/16	1	161									
21	19	155/4	155/4	0.25		7/16	7/16	Chord	2/4	1	1	1/16		1/16	1	162									
21	19	37	37	0.5		0	0	Chord	2/4	2	1	1/8		1/8	1	163									
21	19	75/2	75/2	0.5		1/8	1/8	Chord	2/4	2	1	1/8		1/8	1	164									
21	19	38	38	0.5		1/4	1/4	Chord	2/4	2	1	1/8		1/8	1	165									
21	19	77/2	77/2	0.5		3/8	3/8	Chord	2/4	2	1	1/8		1/8	1	166									
22	20	39	39	0.0		0	0	Dynamic	2/4	1	1	0					f								
22	20	39	39	1.0		0	0	Chord	2/4	1	1	1/4		1/4	1	167									
22	20	40	40	0.0		1/4	1/4	Dynamic	2/4	1	1	0					p								
22	20	40	40	0.5		1/4	1/4	Chord	2/4	1	1	1/8		1/8	1	168									
22	20	81/2	81/2	0.5		3/8	3/8	Chord	2/4	1	1	1/8		1/8	1	169									
22	20	39	39	0.5		0	0	Chord	2/4	2	1	1/8		1/8	1	170									5
22	20	79/2	79/2	0.5		1/8	1/8	Chord	2/4	2	1	1/8		1/8	1	171									
22	20	40	40	0.5		1/4	1/4	Chord	2/4	2	1	1/8		1/8	1	172									
22	20	81/2	81/2	0.5		3/8	3/8	Chord	2/4	2	1	1/8		1/8	1	173									
23	21	41	41	0.5		0	0	Chord	2/4	1	1	1/8		1/8	1	174									
23	21	83/2	83/2	0.5		1/8	1/8	Chord	2/4	1	1	1/8		1/8	1	175									
23	21	42	42	0.5		1/4	1/4	Chord	2/4	1	1	1/8		1/8	1	176									
23	21	85/2	85/2	0.5		3/8	3/8	Chord	2/4	1	1	1/8		1/8	1	177									
23	21	41	41	0.5		0	0	Chord	2/4	2	1	1/8		1/8	1	178									
23	21	83/2	83/2	0.5		1/8	1/8	Chord	2/4	2	1	1/8		1/8	1	179									
23	21	42	42	0.5		1/4	1/4	Chord	2/4	2	1	1/8		1/8	1	180									
23	21	85/2	85/2	0.5		3/8	3/8	Chord	2/4	2	1	1/8		1/8	1	181									
24	22	43	43	0.5		0	0	Chord	2/4	1	1	1/8		1/8	1	182									
24	22	87/2	87/2	0.5		1/8	1/8	Chord	2/4	1	1	1/8		1/8	1	183									
24	22	44	44	0.5		1/4	1/4	Chord	2/4	1	1	1/8		1/8	1	184									
24	22	89/2	89/2	0.5		3/8	3/8	Chord	2/4	1	1	1/8		1/8	1	185									
24	22	43	43	0.5		0	0	Chord	2/4	2	1	1/8		1/8	1	186									
24	22	87/2	87/2	0.5		1/8	1/8	Chord	2/4	2	1	1/8		1/8	1	187									
24	22	44	44	0.5		1/4	1/4	Chord	2/4	2	1	1/8		1/8	1	188									
24	22	89/2	89/2	0.5		3/8	3/8	Chord	2/4	2	1	1/8		1/8	1	189									
25	23	45	45	1.0		0	0	Chord	2/4	1	1	1/4		1/4	1	190									
25	23	46	46	0.75		1/4	1/4	Chord	2/4	1	1	3/16		1/8	3/2	191		ornamentTrill							
25	23	187/4	187/4	0.125		7/16	7/16	Chord	2/4	1	1	1/32		1/32	1	192									
25	23	375/8	375/8	0.125		15/32	15/32	Chord	2/4	1	1	1/32		1/32	1	193									
25	23	45	45	0.5		0	0	Chord	2/4	2	1	1/8		1/8	1	194									
25	23	91/2	91/2	0.5		1/8	1/8	Chord	2/4	2	1	1/8		1/8	1	195									
25	23	46	46	0.5		1/4	1/4	Chord	2/4	2	1	1/8		1/8	1	196									
25	23	93/2	93/2	0.5		3/8	3/8	Chord	2/4	2	1	1/8		1/8	1	197									
26	24	47	47	1.0		0	0	Chord	2/4	1	1	1/4		1/4	1	198									
26	24	47	47	1.0		0	0	Chord	2/4	2	1	1/4		1/4	1	199									
27	24	48	48	0.0		0	1/4	Dynamic	2/4	1	1	0					f								
27	24	48	48	0.5		0	1/4	Chord	2/4	1	1	1/8		1/8	1	200									
27	24	97/2	97/2	0.5		1/8	3/8	Chord	2/4	1	1	1/8		1/8	1	201									
28	25	49	49	1.0		0	0	Chord	2/4	1	1	1/4		1/4	1	202									
28	25	50	50	0.5		1/4	1/4	Chord	2/4	1	1	1/8		1/8	1	203									
28	25	101/2	101/2	0.5		3/8	3/8	Chord	2/4	1	1	1/8		1/8	1	204									
28	25	49	49	0.0		0	0	Dynamic	2/4	2	1	0					f								
28	25	49	49	0.0		0	0	Chord	2/4	2	1	0	grace32	1/32	1	205									
28	25	49	49	0.0		0	0	Chord	2/4	2	1	0	grace32	1/32	1	206									
28	25	49	49	0.0		0	0	Chord	2/4	2	1	0	grace32	1/32	1	207									
28	25	49	49	0.5		0	0	Chord	2/4	2	1	1/8		1/8	1	208									
28	25	99/2	99/2	0.5		1/8	1/8	Chord	2/4	2	1	1/8		1/8	1	209									
28	25	50	50	0.5		1/4	1/4	Chord	2/4	2	1	1/8		1/8	1	210									
28	25	101/2	101/2	0.5		3/8	3/8	Chord	2/4	2	1	1/8		1/8	1	211									
29	26	51	51	0.5		0	0	Chord	2/4	1	1	1/8		1/8	1	212									
29	26	103/2	103/2	0.5		1/8	1/8	Chord	2/4	1	1	1/8		1/8	1	213									
29	26	52	52	0.5		1/4	1/4	Chord	2/4	1	1	1/8		1/8	1	214									
29	26	105/2	105/2	0.5		3/8	3/8	Chord	2/4	1	1	1/8		1/8	1	215									
29	26	51	51	0.0		0	0	Chord	2/4	2	1	0	grace32	1/32	1	216									
29	26	51	51	0.0		0	0	Chord	2/4	2	1	0	grace32	1/32	1	217									
29	26	51	51	0.0		0	0	Chord	2/4	2	1	0	grace32	1/32	1	218									
29	26	51	51	0.5		0	0	Chord	2/4	2	1	1/8		1/8	1	219									
29	26	103/2	103/2	0.5		1/8	1/8	Chord	2/4	2	1	1/8		1/8	1	220									
29	26	52	52	0.5		1/4	1/4	Chord	2/4	2	1	1/8		1/8	1	221									
29	26	105/2	105/2	0.5		3/8	3/8	Chord	2/4	2	1	1/8		1/8	1	222									
30	27	53	53	0.5		0	0	Chord	2/4	1	1	1/8		1/8	1	223									
30	27	107/2	107/2	0.5		1/8	1/8	Chord	2/4	1	1	1/8		1/8	1	224									
30	27	54	54	0.5		1/4	1/4	Chord	2/4	1	1	1/8		1/8	1	225									
30	27	109/2	109/2	0.5		3/8	3/8	Chord	2/4	1	1	1/8		1/8	1	226									
30	27	53	53	0.0		0	0	Chord	2/4	2	1	0	grace32	1/32	1	227									
30	27	53	53	0.0		0	0	Chord	2/4	2	1	0	grace32	1/32	1	228									
30	27	53	53	0.0		0	0	Chord	2/4	2	1	0	grace32	1/32	1	229									
30	27	53	53	0.5		0	0	Chord	2/4	2	1	1/8		1/8	1	230									
30	27	107/2	107/2	0.5		1/8	1/8	Chord	2/4	2	1	1/8		1/8	1	231									
30	27	54	54	0.0		1/4	1/4	Chord	2/4	2	1	0	grace32	1/32	1	232									
30	27	54	54	0.0		1/4	1/4	Chord	2/4	2	1	0	grace32	1/32	1	233									
30	27	54	54	0.0		1/4	1/4	Chord	2/4	2	1	0	grace32	1/32	1	234									
30	27	54	54	0.5		1/4	1/4	Chord	2/4	2	1	1/8		1/8	1	235									
30	27	109/2	109/2	0.5		3/8	3/8	Chord	2/4	2	1	1/8		1/8	1	236									
31	28	55	55	0.5		0	0	Chord	2/4	1	1	1/8		1/8	1	237									
31	28	111/2	111/2	0.5		1/8	1/8	Chord	2/4	1	1	1/8		1/8	1	238									
31	28	56	56	0.5		1/4	1/4	Chord	2/4	1	1	1/8		1/8	1	239									
31	28	113/2	113/2	0.5		3/8	3/8	Chord	2/4	1	1	1/8		1/8	1	240									
31	28	55	55	0.0		0	0	Chord	2/4	2	1	0	grace32	1/32	1	241									
31	28	55	55	0.0		0	0	Chord	2/4	2	1	0	grace32	1/32	1	242									
31	28	55	55	0.0		0	0	Chord	2/4	2	1	0	grace32	1/32	1	243									
31	28	55	55	0.5		0	0	Chord	2/4	2	1	1/8		1/8	1	244									
31	28	111/2	111/2	0.5		1/8	1/8	Chord	2/4	2	1	1/8		1/8	1	245									
31	28	56	56	0.5		1/4	1/4	Chord	2/4	2	1	1/8		1/8	1	246									
31	28	113/2	113/2	0.5		3/8	3/8	Chord	2/4	2	1	1/8		1/8	1	247									
32	29	57	57	1.0		0	0	Chord	2/4	1	1	1/4		1/4	1	248									
32	29	58	58	0.5		1/4	1/4	Chord	2/4	1	1	1/8		1/8	1	249									
32	29	117/2	117/2	0.5		3/8	3/8	Chord	2/4	1	1	1/8		1/8	1	250									
32	29	57	57	0.0		0	0	Chord	2/4	2	1	0	grace32	1/32	1	251									
32	29	57	57	0.0		0	0	Chord	2/4	2	1	0	grace32	1/32	1	252									
32	29	57	57	0.0		0	0	Chord	2/4	2	1	0	grace32	1/32	1	253									
32	29	57	57	0.5		0	0	Chord	2/4	2	1	1/8		1/8	1	254									
32	29	115/2	115/2	0.5		1/8	1/8	Chord	2/4	2	1	1/8		1/8	1	255									
32	29	58	58	0.5		1/4	1/4	Chord	2/4	2	1	1/8		1/8	1	256									
32	29	117/2	117/2	0.5		3/8	3/8	Chord	2/4	2	1	1/8		1/8	1	257									
33	30	59	59	0.5		0	0	Chord	2/4	1	1	1/8		1/8	1	258									
33	30	119/2	119/2	0.5		1/8	1/8	Chord	2/4	1	1	1/8		1/8	1	259									
33	30	60	60	0.5		1/4	1/4	Chord	2/4	1	1	1/8		1/8	1	260									
33	30	121/2	121/2	0.5		3/8	3/8	Chord	2/4	1	1	1/8		1/8	1	261									
33	30	59	59	0.0		0	0	Chord	2/4	2	1	0	grace32	1/32	1	262									
33	30	59	59	0.0		0	0	Chord	2/4	2	1	0	grace32	1/32	1	263									
33	30	59	59	0.0		0	0	Chord	2/4	2	1	0	grace32	1/32	1	264									
33	30	59	59	0.5		0	0	Chord	2/4	2	1	1/8		1/8	1	265									
33	30	119/2	119/2	0.5		1/8	1/8	Chord	2/4	2	1	1/8		1/8	1	266									
33	30	60	60	0.5		1/4	1/4	Chord	2/4	2	1	1/8		1/8	1	267									
33	30	121/2	121/2	0.5		3/8	3/8	Chord	2/4	2	1	1/8		1/8	1	268									
34	31	61	61	0.5		0	0	Chord	2/4	1	1	1/8		1/8	1	269									
34	31	123/2	123/2	0.5		1/8	1/8	Chord	2/4	1	1	1/8		1/8	1	270									
34	31	62	62	0.5		1/4	1/4	Chord	2/4	1	1	1/8		1/8	1	271									
34	31	125/2	125/2	0.5		3/8	3/8	Chord	2/4	1	1	1/8		1/8	1	272									
34	31	61	61	0.0		0	0	Chord	2/4	2	1	0	grace32	1/32	1	273									
34	31	61	61	0.0		0	0	Chord	2/4	2	1	0	grace32	1/32	1	274									
34	31	61	61	0.0		0	0	Chord	2/4	2	1	0	grace32	1/32	1	275									
34	31	61	61	0.5		0	0	Chord	2/4	2	1	1/8		1/8	1	276									
34	31	123/2	123/2	0.5		1/8	1/8	Chord	2/4	2	1	1/8		1/8	1	277									
34	31	62	62	0.0		1/4	1/4	Chord	2/4	2	1	0	grace32	1/32	1	278									
34	31	62	62	0.0		1/4	1/4	Chord	2/4	2	1	0	grace32	1/32	1	279									
34	31	62	62	0.0		1/4	1/4	Chord	2/4	2	1	0	grace32	1/32	1	280									
34	31	62	62	0.5		1/4	1/4	Chord	2/4	2	1	1/8		1/8	1	281									
34	31	125/2	125/2	0.5		3/8	3/8	Chord	2/4	2	1	1/8		1/8	1	282									
35	32	63	63	1.0		0	0	Chord	2/4	1	1	1/4		1/4	1	283									
35	32	63	63	1.0		0	0	Chord	2/4	2	1	1/4		1/4	1	284									
36	32	64	64	0.0		0	1/4	Dynamic	2/4	1	1	0					p								
36	32	64	64	0.25		0	1/4	Chord	2/4	1	1	1/16		1/16	1	285									
36	32	257/4	257/4	0.25		1/16	5/16	Chord	2/4	1	1	1/16		1/16	1	286									
36	32	129/2	129/2	0.25		1/8	3/8	Chord	2/4	1	1	1/16		1/16	1	287									
36	32	259/4	259/4	0.25		3/16	7/16	Chord	2/4	1	1	1/16		1/16	1	288									
37	33	65	65	0.25		0	0	Chord	2/4	1	1	1/16		1/16	1	289									
37	33	261/4	261/4	0.25		1/16	1/16	Chord	2/4	1	1	1/16		1/16	1	290									
37	33	131/2	131/2	0.25		1/8	1/8	Chord	2/4	1	1	1/16		1/16	1	291									
37	33	263/4	263/4	0.25		3/16	3/16	Chord	2/4	1	1	1/16		1/16	1	292									
37	33	66	66	0.25		1/4	1/4	Chord	2/4	1	1	1/16		1/16	1	293									
37	33	265/4	265/4	0.25		5/16	5/16	Chord	2/4	1	1	1/16		1/16	1	294									
37	33	133/2	133/2	0.25		3/8	3/8	Chord	2/4	1	1	1/16		1/16	1	295									
37	33	267/4	267/4	0.25		7/16	7/16	Chord	2/4	1	1	1/16		1/16	1	296									
37	33	65	65	0.0		0	0	Dynamic	2/4	2	1	0					p								
37	33	65	65	0.5		0	0	Chord	2/4	2	1	1/8		1/8	1	297									
37	33	131/2	131/2	0.5		1/8	1/8	Chord	2/4	2	1	1/8		1/8	1	298									
37	33	66	66	0.5		1/4	1/4	Chord	2/4	2	1	1/8		1/8	1	299									
37	33	133/2	133/2	0.5		3/8	3/8	Chord	2/4	2	1	1/8		1/8	1	300									
38	34	67	67	0.25		0	0	Chord	2/4	1	1	1/16		1/16	1	301									
38	34	269/4	269/4	0.25		1/16	1/16	Chord	2/4	1	1	1/16		1/16	1	302									
38	34	135/2	135/2	0.25		1/8	1/8	Chord	2/4	1	1	1/16		1/16	1	303									
38	34	271/4	271/4	0.25		3/16	3/16	Chord	2/4	1	1	1/16		1/16	1	304									
38	34	68	68	0.25		1/4	1/4	Chord	2/4	1	1	1/16		1/16	1	305									
38	34	273/4	273/4	0.25		5/16	5/16	Chord	2/4	1	1	1/16		1/16	1	306									
38	34	137/2	137/2	0.25		3/8	3/8	Chord	2/4	1	1	1/16		1/16	1	307									
38	34	275/4	275/4	0.25		7/16	7/16	Chord	2/4	1	1	1/16		1/16	1	308									
38	34	67	67	0.5		0	0	Chord	2/4	2	1	1/8		1/8	1	309									
38	34	135/2	135/2	0.5		1/8	1/8	Chord	2/4	2	1	1/8		1/8	1	310									
38	34	68	68	0.5		1/4	1/4	Chord	2/4	2	1	1/8		1/8	1	311									
38	34	137/2	137/2	0.5		3/8	3/8	Chord	2/4	2	1	1/8		1/8	1	312									
39	35	69	69	0.25		0	0	Chord	2/4	1	1	1/16		1/16	1	313									
39	35	277/4	277/4	0.25		1/16	1/16	Chord	2/4	1	1	1/16		1/16	1	314									
39	35	139/2	139/2	0.25		1/8	1/8	Chord	2/4	1	1	1/16		1/16	1	315									
39	35	279/4	279/4	0.25		3/16	3/16	Chord	2/4	1	1	1/16		1/16	1	316									
39	35	70	70	0.25		1/4	1/4	Chord	2/4	1	1	1/16		1/16	1	317									
39	35	281/4	281/4	0.25		5/16	5/16	Chord	2/4	1	1	1/16		1/16	1	318									
39	35	141/2	141/2	0.25		3/8	3/8	Chord	2/4	1	1	1/16		1/16	1	319									
39	35	283/4	283/4	0.25		7/16	7/16	Chord	2/4	1	1	1/16		1/16	1	320									
39	35	69	69	0.5		0	0	Chord	2/4	2	1	1/8		1/8	1	321									
39	35	139/2	139/2	0.5		1/8	1/8	Chord	2/4	2	1	1/8		1/8	1	322									
39	35	70	70	0.5		1/4	1/4	Chord	2/4	2	1	1/8		1/8	1	323									
39	35	141/2	141/2	0.5		3/8	3/8	Chord	2/4	2	1	1/8		1/8	1	324									
40	36	71	71	0.25		0	0	Chord	2/4	1	1	1/16		1/16	1	325									
40	36	285/4	285/4	0.25		1/16	1/16	Chord	2/4	1	1	1/16		1/16	1	326									
40	36	143/2	143/2	0.25		1/8	1/8	Chord	2/4	1	1	1/16		1/16	1	327									
40	36	287/4	287/4	0.25		3/16	3/16	Chord	2/4	1	1	1/16		1/16	1	328									
40	36	72	72	0.25		1/4	1/4	Chord	2/4	1	1	1/16		1/16	1	329									
40	36	289/4	289/4	0.25		5/16	5/16	Chord	2/4	1	1	1/16		1/16	1	330									
40	36	145/2	145/2	0.25		3/8	3/8	Chord	2/4	1	1	1/16		1/16	1	331									
40	36	291/4	291/4	0.25		7/16	7/16	Chord	2/4	1	1	1/16		1/16	1	332									
40	36	71	71	0.5		0	0	Chord	2/4	2	1	1/8		1/8	1	333									
40	36	143/2	143/2	0.5		1/8	1/8	Chord	2/4	2	1	1/8		1/8	1	334									
40	36	72	72	0.5		1/4	1/4	Chord	2/4	2	1	1/8		1/8	1	335									
40	36	145/2	145/2	0.5		3/8	3/8	Chord	2/4	2	1	1/8		1/8	1	336									
41	37	73	73	0.25		0	0	Chord	2/4	1	1	1/16		1/16	1	337									
41	37	293/4	293/4	0.25		1/16	1/16	Chord	2/4	1	1	1/16		1/16	1	338									
41	37	147/2	147/2	0.25		1/8	1/8	Chord	2/4	1	1	1/16		1/16	1	339									
41	37	295/4	295/4	0.25		3/16	3/16	Chord	2/4	1	1	1/16		1/16	1	340									
41	37	74	74	0.25		1/4	1/4	Chord	2/4	1	1	1/16		1/16	1	341									
41	37	297/4	297/4	0.25		5/16	5/16	Chord	2/4	1	1	1/16		1/16	1	342									
41	37	149/2	149/2	0.25		3/8	3/8	Chord	2/4	1	1	1/16		1/16	1	343									
41	37	299/4	299/4	0.25		7/16	7/16	Chord	2/4	1	1	1/16		1/16	1	344									
41	37	73	73	0.5		0	0	Chord	2/4	2	1	1/8		1/8	1	345									
41	37	147/2	147/2	0.5		1/8	1/8	Chord	2/4	2	1	1/8		1/8	1	346									
41	37	74	74	0.5		1/4	1/4	Chord	2/4	2	1	1/8		1/8	1	347									
41	37	149/2	149/2	0.5		3/8	3/8	Chord	2/4	2	1	1/8		1/8	1	348									
42	38	75	75	0.25		0	0	Chord	2/4	1	1	1/16		1/16	1	349									
42	38	301/4	301/4	0.25		1/16	1/16	Chord	2/4	1	1	1/16		1/16	1	350									
42	38	151/2	151/2	0.25		1/8	1/8	Chord	2/4	1	1	1/16		1/16	1	351									
42	38	303/4	303/4	0.25		3/16	3/16	Chord	2/4	1	1	1/16		1/16	1	352									
42	38	76	76	0.25		1/4	1/4	Chord	2/4	1	1	1/16		1/16	1	353									
42	38	305/4	305/4	0.25		5/16	5/16	Chord	2/4	1	1	1/16		1/16	1	354									
42	38	153/2	153/2	0.25		3/8	3/8	Chord	2/4	1	1	1/16		1/16	1	355									
42	38	307/4	307/4	0.25		7/16	7/16	Chord	2/4	1	1	1/16		1/16	1	356									
42	38	75	75	0.5		0	0	Chord	2/4	2	1	1/8		1/8	1	357									
42	38	151/2	151/2	0.5		1/8	1/8	Chord	2/4	2	1	1/8		1/8	1	358									
42	38	76	76	0.5		1/4	1/4	Chord	2/4	2	1	1/8		1/8	1	359									
42	38	153/2	153/2	0.5		3/8	3/8	Chord	2/4	2	1	1/8		1/8	1	360									
43	39	77	77	0.25		0	0	Chord	2/4	1	1	1/16		1/16	1	361									
43	39	309/4	309/4	0.25		1/16	1/16	Chord	2/4	1	1	1/16		1/16	1	362									
43	39	155/2	155/2	0.25		1/8	1/8	Chord	2/4	1	1	1/16		1/16	1	363									
43	39	311/4	311/4	0.25		3/16	3/16	Chord	2/4	1	1	1/16		1/16	1	364									
43	39	78	78	0.25		1/4	1/4	Chord	2/4	1	1	1/16		1/16	1	365									
43	39	313/4	313/4	0.25		5/16	5/16	Chord	2/4	1	1	1/16		1/16	1	366									
43	39	157/2	157/2	0.25		3/8	3/8	Chord	2/4	1	1	1/16		1/16	1	367									
43	39	315/4	315/4	0.25		7/16	7/16	Chord	2/4	1	1	1/16		1/16	1	368									
43	39	77	77	0.5		0	0	Chord	2/4	2	1	1/8		1/8	1	369									
43	39	155/2	155/2	0.5		1/8	1/8	Chord	2/4	2	1	1/8		1/8	1	370									
43	39	78	78	0.5		1/4	1/4	Chord	2/4	2	1	1/8		1/8	1	371									
43	39	157/2	157/2	0.5		3/8	3/8	Chord	2/4	2	1	1/8		1/8	1	372									
44	40	79	79	1.0		0	0	Chord	2/4	1	1	1/4		1/4	1	373									
44	40	79	79	1.0		0	0	Chord	2/4	2	1	1/4		1/4	1	374									
45	40	80	80	0.25		0	1/4	Chord	2/4	1	1	1/16		1/16	1	375									
45	40	321/4	321/4	0.25		1/16	5/16	Chord	2/4	1	1	1/16		1/16	1	376									
45	40	161/2	161/2	0.25		1/8	3/8	Chord	2/4	1	1	1/16		1/16	1	377									
45	40	323/4	323/4	0.25		3/16	7/16	Chord	2/4	1	1	1/16		1/16	1	378									
46	41	81	81	0.25		0	0	Chord	2/4	1	1	1/16		1/16	1	379									
46	41	325/4	325/4	0.25		1/16	1/16	Chord	2/4	1	1	1/16		1/16	1	380									
46	41	163/2	163/2	0.25		1/8	1/8	Chord	2/4	1	1	1/16		1/16	1	381									
46	41	327/4	327/4	0.25		3/16	3/16	Chord	2/4	1	1	1/16		1/16	1	382									
46	41	82	82	0.25		1/4	1/4	Chord	2/4	1	1	1/16		1/16	1	383									
46	41	329/4	329/4	0.25		5/16	5/16	Chord	2/4	1	1	1/16		1/16	1	384									
46	41	165/2	165/2	0.25		3/8	3/8	Chord	2/4	1	1	1/16		1/16	1	385									
46	41	331/4	331/4	0.25		7/16	7/16	Chord	2/4	1	1	1/16		1/16	1	386									
46	41	81	81	0.5		0	0	Chord	2/4	2	1	1/8		1/8	1	387									
46	41	163/2	163/2	0.5		1/8	1/8	Chord	2/4	2	1	1/8		1/8	1	388									
46	41	82	82	0.5		1/4	1/4	Chord	2/4	2	1	1/8		1/8	1	389									
46	41	165/2	165/2	0.5		3/8	3/8	Chord	2/4	2	1	1/8		1/8	1	390									
47	42	83	83	0.25		0	0	Chord	2/4	1	1	1/16		1/16	1	391									6
47	42	333/4	333/4	0.25		1/16	1/16	Chord	2/4	1	1	1/16		1/16	1	392									6
47	42	167/2	167/2	0.25		1/8	1/8	Chord	2/4	1	1	1/16		1/16	1	393									6
47	42	335/4	335/4	0.25		3/16	3/16	Chord	2/4	1	1	1/16		1/16	1	394									
47	42	84	84	0.25		1/4	1/4	Chord	2/4	1	1	1/16		1/16	1	395									7
47	42	337/4	337/4	0.25		5/16	5/16	Chord	2/4	1	1	1/16		1/16	1	396									7
47	42	169/2	169/2	0.25		3/8	3/8	Chord	2/4	1	1	1/16		1/16	1	397									7
47	42	339/4	339/4	0.25		7/16	7/16	Chord	2/4	1	1	1/16		1/16	1	398									
47	42	83	83	0.5		0	0	Chord	2/4	2	1	1/8		1/8	1	399									
47	42	167/2	167/2	0.5		1/8	1/8	Chord	2/4	2	1	1/8		1/8	1	400									
47	42	84	84	0.5		1/4	1/4	Chord	2/4	2	1	1/8		1/8	1	401									
47	42	169/2	169/2	0.5		3/8	3/8	Chord	2/4	2	1	1/8		1/8	1	402									
48	43	85	85	0.25		0	0	Chord	2/4	1	1	1/16		1/16	1	403									
48	43	341/4	341/4	0.25		1/16	1/16	Chord	2/4	1	1	1/16		1/16	1	404									
48	43	171/2	171/2	0.25		1/8	1/8	Chord	2/4	1	1	1/16		1/16	1	405									
48	43	343/4	343/4	0.25		3/16	3/16	Chord	2/4	1	1	1/16		1/16	1	406									
48	43	86	86	0.25		1/4	1/4	Chord	2/4	1	1	1/16		1/16	1	407									
48	43	345/4	345/4	0.25		5/16	5/16	Chord	2/4	1	1	1/16		1/16	1	408									
48	43	173/2	173/2	0.25		3/8	3/8	Chord	2/4	1	1	1/16		1/16	1	409									
48	43	347/4	347/4	0.25		7/16	7/16	Chord	2/4	1	1	1/16		1/16	1	410									
48	43	85	85	0.5		0	0	Chord	2/4	2	1	1/8		1/8	1	411									
48	43	171/2	171/2	0.5		1/8	1/8	Chord	2/4	2	1	1/8		1/8	1	412									
48	43	86	86	0.5		1/4	1/4	Chord	2/4	2	1	1/8		1/8	1	413									
48	43	173/2	173/2	0.5		3/8	3/8	Chord	2/4	2	1	1/8		1/8	1	414									
49	44	87	87	0.5		0	0	Chord	2/4	1	1	1/8		1/8	1	415									8
49	44	175/2	175/2	0.5		1/8	1/8	Chord	2/4	1	1	1/8		1/8	1	416									
49	44	88	88	0.25		1/4	1/4	Chord	2/4	1	1	1/16		1/16	1	417									
49	44	353/4	353/4	0.25		5/16	5/16	Chord	2/4	1	1	1/16		1/16	1	418									
49	44	177/2	177/2	0.25		3/8	3/8	Chord	2/4	1	1	1/16		1/16	1	419									
49	44	355/4	355/4	0.25		7/16	7/16	Chord	2/4	1	1	1/16		1/16	1	420									
49	44	87	87	0.5		0	0	Chord	2/4	2	1	1/8		1/8	1	421									
49	44	175/2	175/2	0.5		1/8	1/8	Chord	2/4	2	1	1/8		1/8	1	422									
49	44	88	88	0.5		1/4	1/4	Chord	2/4	2	1	1/8		1/8	1	423									
49	44	177/2	177/2	0.5		3/8	3/8	Chord	2/4	2	1	1/8		1/8	1	424									
50	45	89	89	0.25		0	0	Chord	2/4	1	1	1/16		1/16	1	425									
50	45	357/4	357/4	0.25		1/16	1/16	Chord	2/4	1	1	1/16		1/16	1	426									
50	45	179/2	179/2	0.25		1/8	1/8	Chord	2/4	1	1	1/16		1/16	1	427									
50	45	359/4	359/4	0.25		3/16	3/16	Chord	2/4	1	1	1/16		1/16	1	428									
50	45	90	90	0.25		1/4	1/4	Chord	2/4	1	1	1/16		1/16	1	429									
50	45	361/4	361/4	0.25		5/16	5/16	Chord	2/4	1	1	1/16		1/16	1	430									
50	45	181/2	181/2	0.25		3/8	3/8	Chord	2/4	1	1	1/16		1/16	1	431									
50	45	363/4	363/4	0.25		7/16	7/16	Chord	2/4	1	1	1/16		1/16	1	432									
50	45	89	89	0.5		0	0	Chord	2/4	2	1	1/8		1/8	1	433									
50	45	179/2	179/2	0.5		1/8	1/8	Chord	2/4	2	1	1/8		1/8	1	434									
50	45	90	90	0.5		1/4	1/4	Chord	2/4	2	1	1/8		1/8	1	435									
50	45	181/2	181/2	0.5		3/8	3/8	Chord	2/4	2	1	1/8		1/8	1	436									
51	46	91	91	0.25		0	0	Chord	2/4	1	1	1/16		1/16	1	437									9
51	46	365/4	365/4	0.25		1/16	1/16	Chord	2/4	1	1	1/16		1/16	1	438									9
51	46	183/2	183/2	0.25		1/8	1/8	Chord	2/4	1	1	1/16		1/16	1	439									9
51	46	367/4	367/4	0.25		3/16	3/16	Chord	2/4	1	1	1/16		1/16	1	440									
51	46	92	92	0.25		1/4	1/4	Chord	2/4	1	1	1/16		1/16	1	441									10
51	46	369/4	369/4	0.25		5/16	5/16	Chord	2/4	1	1	1/16		1/16	1	442									10
51	46	185/2	185/2	0.25		3/8	3/8	Chord	2/4	1	1	1/16		1/16	1	443									10
51	46	371/4	371/4	0.25		7/16	7/16	Chord	2/4	1	1	1/16		1/16	1	444									
51	46	91	91	0.5		0	0	Chord	2/4	2	1	1/8		1/8	1	445									
51	46	183/2	183/2	0.5		1/8	1/8	Chord	2/4	2	1	1/8		1/8	1	446									
51	46	92	92	0.5		1/4	1/4	Chord	2/4	2	1	1/8		1/8	1	447									
51	46	185/2	185/2	0.5		3/8	3/8	Chord	2/4	2	1	1/8		1/8	1	448									
52	47	93	93	0.25		0	0	Chord	2/4	1	1	1/16		1/16	1	449									
52	47	373/4	373/4	0.25		1/16	1/16	Chord	2/4	1	1	1/16		1/16	1	450									
52	47	187/2	187/2	0.25		1/8	1/8	Chord	2/4	1	1	1/16		1/16	1	451									
52	47	375/4	375/4	0.25		3/16	3/16	Chord	2/4	1	1	1/16		1/16	1	452									
52	47	94	94	0.25		1/4	1/4	Chord	2/4	1	1	1/16		1/16	1	453									
52	47	377/4	377/4	0.25		5/16	5/16	Chord	2/4	1	1	1/16		1/16	1	454									
52	47	189/2	189/2	0.25		3/8	3/8	Chord	2/4	1	1	1/16		1/16	1	455									
52	47	379/4	379/4	0.25		7/16	7/16	Chord	2/4	1	1	1/16		1/16	1	456									
52	47	93	93	0.5		0	0	Chord	2/4	2	1	1/8		1/8	1	457									
52	47	187/2	187/2	0.5		1/8	1/8	Chord	2/4	2	1	1/8		1/8	1	458									
52	47	94	94	0.5		1/4	1/4	Chord	2/4	2	1	1/8		1/8	1	459									
52	47	189/2	189/2	0.5		3/8	3/8	Chord	2/4	2	1	1/8		1/8	1	460									
53	48	95	95	1.0		0	0	Chord	2/4	1	1	1/4		1/4	1	461									
53	48	96	96	0.25		1/4	1/4	Chord	2/4	1	1	1/16		1/16	1	462									
53	48	385/4	385/4	0.25		5/16	5/16	Chord	2/4	1	1	1/16		1/16	1	463									
53	48	193/2	193/2	0.25		3/8	3/8	Chord	2/4	1	1	1/16		1/16	1	464									
53	48	387/4	387/4	0.25		7/16	7/16	Chord	2/4	1	1	1/16		1/16	1	465									
53	48	95	95	0.5		0	0	Chord	2/4	2	1	1/8		1/8	1	466									
53	48	191/2	191/2	0.5		1/8	1/8	Chord	2/4	2	1	1/8		1/8	1	467									
54	49	97	97	0.25		0	0	Chord	2/4	1	1	1/16		1/16	1	468									
54	49	389/4	389/4	0.25		1/16	1/16	Chord	2/4	1	1	1/16		1/16	1	469									
54	49	195/2	195/2	0.25		1/8	1/8	Chord	2/4	1	1	1/16		1/16	1	470									
54	49	391/4	391/4	0.25		3/16	3/16	Chord	2/4	1	1	1/16		1/16	1	471									
54	49	98	98	0.25		1/4	1/4	Chord	2/4	1	1	1/16		1/16	1	472									
54	49	393/4	393/4	0.25		5/16	5/16	Chord	2/4	1	1	1/16		1/16	1	473									
54	49	197/2	197/2	0.25		3/8	3/8	Chord	2/4	1	1	1/16		1/16	1	474									
54	49	395/4	395/4	0.25		7/16	7/16	Chord	2/4	1	1	1/16		1/16	1	475									
54	49	97	97	0.5		0	0	Chord	2/4	2	1	1/8		1/8	1	476									
54	49	195/2	195/2	0.5		1/8	1/8	Chord	2/4	2	1	1/8		1/8	1	477									
54	49	98	98	0.5		1/4	1/4	Chord	2/4	2	1	1/8		1/8	1	478									
54	49	197/2	197/2	0.5		3/8	3/8	Chord	2/4	2	1	1/8		1/8	1	479									
55	50	99	99	0.25		0	0	Chord	2/4	1	1	1/16		1/16	1	480									
55	50	397/4	397/4	0.25		1/16	1/16	Chord	2/4	1	1	1/16		1/16	1	481									
55	50	199/2	199/2	0.25		1/8	1/8	Chord	2/4	1	1	1/16		1/16	1	482									
55	50	399/4	399/4	0.25		3/16	3/16	Chord	2/4	1	1	1/16		1/16	1	483									
55	50	100	100	0.25		1/4	1/4	Chord	2/4	1	1	1/16		1/16	1	484									
55	50	401/4	401/4	0.25		5/16	5/16	Chord	2/4	1	1	1/16		1/16	1	485									
55	50	201/2	201/2	0.25		3/8	3/8	Chord	2/4	1	1	1/16		1/16	1	486									
55	50	403/4	403/4	0.25		7/16	7/16	Chord	2/4	1	1	1/16		1/16	1	487									
55	50	99	99	0.5		0	0	Chord	2/4	2	1	1/8		1/8	1	488									
55	50	199/2	199/2	0.5		1/8	1/8	Chord	2/4	2	1	1/8		1/8	1	489									
55	50	100	100	0.5		1/4	1/4	Chord	2/4	2	1	1/8		1/8	1	490									
55	50	201/2	201/2	0.5		3/8	3/8	Chord	2/4	2	1	1/8		1/8	1	491									
56	51	101	101	0.25		0	0	Chord	2/4	1	1	1/16		1/16	1	492									
56	51	405/4	405/4	0.25		1/16	1/16	Chord	2/4	1	1	1/16		1/16	1	493									
56	51	203/2	203/2	0.25		1/8	1/8	Chord	2/4	1	1	1/16		1/16	1	494									
56	51	407/4	407/4	0.25		3/16	3/16	Chord	2/4	1	1	1/16		1/16	1	495									
56	51	102	102	0.25		1/4	1/4	Chord	2/4	1	1	1/16		1/16	1	496									
56	51	409/4	409/4	0.25		5/16	5/16	Chord	2/4	1	1	1/16		1/16	1	497									
56	51	205/2	205/2	0.25		3/8	3/8	Chord	2/4	1	1	1/16		1/16	1	498									
56	51	411/4	411/4	0.25		7/16	7/16	Chord	2/4	1	1	1/16		1/16	1	499									
56	51	101	101	0.5		0	0	Chord	2/4	2	1	1/8		1/8	1	500									
56	51	203/2	203/2	0.5		1/8	1/8	Chord	2/4	2	1	1/8		1/8	1	501									
56	51	102	102	0.5		1/4	1/4	Chord	2/4	2	1	1/8		1/8	1	502									
56	51	205/2	205/2	0.5		3/8	3/8	Chord	2/4	2	1	1/8		1/8	1	503									
57	52	103	103	0.25		0	0	Chord	2/4	1	1	1/16		1/16	1	504									
57	52	413/4	413/4	0.25		1/16	1/16	Chord	2/4	1	1	1/16		1/16	1	505									
57	52	207/2	207/2	0.25		1/8	1/8	Chord	2/4	1	1	1/16		1/16	1	506									
57	52	415/4	415/4	0.25		3/16	3/16	Chord	2/4	1	1	1/16		1/16	1	507									
57	52	104	104	0.25		1/4	1/4	Chord	2/4	1	1	1/16		1/16	1	508									
57	52	417/4	417/4	0.25		5/16	5/16	Chord	2/4	1	1	1/16		1/16	1	509									
57	52	209/2	209/2	0.25		3/8	3/8	Chord	2/4	1	1	1/16		1/16	1	510									
57	52	419/4	419/4	0.25		7/16	7/16	Chord	2/4	1	1	1/16		1/16	1	511									
57	52	103	103	0.5		0	0	Chord	2/4	2	1	1/8		1/8	1	512									
57	52	207/2	207/2	0.5		1/8	1/8	Chord	2/4	2	1	1/8		1/8	1	513									
57	52	104	104	0.5		1/4	1/4	Chord	2/4	2	1	1/8		1/8	1	514									
57	52	209/2	209/2	0.5		3/8	3/8	Chord	2/4	2	1	1/8		1/8	1	515									
58	53	105	105	0.25		0	0	Chord	2/4	1	1	1/16		1/16	1	516									
58	53	421/4	421/4	0.25		1/16	1/16	Chord	2/4	1	1	1/16		1/16	1	517									
58	53	211/2	211/2	0.25		1/8	1/8	Chord	2/4	1	1	1/16		1/16	1	518									
58	53	423/4	423/4	0.25		3/16	3/16	Chord	2/4	1	1	1/16		1/16	1	519									
58	53	106	106	0.25		1/4	1/4	Chord	2/4	1	1	1/16		1/16	1	520									
58	53	425/4	425/4	0.25		5/16	5/16	Chord	2/4	1	1	1/16		1/16	1	521									
58	53	213/2	213/2	0.25		3/8	3/8	Chord	2/4	1	1	1/16		1/16	1	522									
58	53	427/4	427/4	0.25		7/16	7/16	Chord	2/4	1	1	1/16		1/16	1	523									
58	53	105	105	0.5		0	0	Chord	2/4	2	1	1/8		1/8	1	524									
58	53	211/2	211/2	0.5		1/8	1/8	Chord	2/4	2	1	1/8		1/8	1	525									
58	53	106	106	0.5		1/4	1/4	Chord	2/4	2	1	1/8		1/8	1	526									
58	53	213/2	213/2	0.5		3/8	3/8	Chord	2/4	2	1	1/8		1/8	1	527									
59	54	107	107	0.25		0	0	Chord	2/4	1	1	1/16		1/16	1	528									
59	54	429/4	429/4	0.25		1/16	1/16	Chord	2/4	1	1	1/16		1/16	1	529									
59	54	215/2	215/2	0.25		1/8	1/8	Chord	2/4	1	1	1/16		1/16	1	530									
59	54	431/4	431/4	0.25		3/16	3/16	Chord	2/4	1	1	1/16		1/16	1	531									
59	54	108	108	0.25		1/4	1/4	Chord	2/4	1	1	1/16		1/16	1	532									
59	54	433/4	433/4	0.25		5/16	5/16	Chord	2/4	1	1	1/16		1/16	1	533									
59	54	217/2	217/2	0.25		3/8	3/8	Chord	2/4	1	1	1/16		1/16	1	534									
59	54	435/4	435/4	0.25		7/16	7/16	Chord	2/4	1	1	1/16		1/16	1	535									
59	54	107	107	0.5		0	0	Chord	2/4	2	1	1/8		1/8	1	536									
59	54	215/2	215/2	0.5		1/8	1/8	Chord	2/4	2	1	1/8		1/8	1	537									
59	54	108	108	0.5		1/4	1/4	Chord	2/4	2	1	1/8		1/8	1	538									
59	54	217/2	217/2	0.5		3/8	3/8	Chord	2/4	2	1	1/8		1/8	1	539									
60	55	109	109	0.25		0	0	Chord	2/4	1	1	1/16		1/16	1	540									
60	55	437/4	437/4	0.25		1/16	1/16	Chord	2/4	1	1	1/16		1/16	1	541									
60	55	219/2	219/2	0.25		1/8	1/8	Chord	2/4	1	1	1/16		1/16	1	542									
60	55	439/4	439/4	0.25		3/16	3/16	Chord	2/4	1	1	1/16		1/16	1	543									
60	55	110	110	0.25		1/4	1/4	Chord	2/4	1	1	1/16		1/16	1	544									
60	55	441/4	441/4	0.25		5/16	5/16	Chord	2/4	1	1	1/16		1/16	1	545									
60	55	221/2	221/2	0.25		3/8	3/8	Chord	2/4	1	1	1/16		1/16	1	546									
60	55	443/4	443/4	0.25		7/16	7/16	Chord	2/4	1	1	1/16		1/16	1	547									
60	55	109	109	0.5		0	0	Chord	2/4	2	1	1/8		1/8	1	548									
60	55	219/2	219/2	0.5		1/8	1/8	Chord	2/4	2	1	1/8		1/8	1	549									
60	55	110	110	0.5		1/4	1/4	Chord	2/4	2	1	1/8		1/8	1	550									
60	55	221/2	221/2	0.5		3/8	3/8	Chord	2/4	2	1	1/8		1/8	1	551									
61	56	111	111	1.0		0	0	Chord	2/4	1	1	1/4		1/4	1	552									
61	56	111	111	1.0		0	0	Chord	2/4	2	1	1/4		1/4	1	553									
62	56	112	112	0.0		0	1/4	Dynamic	2/4	1	1	0					f								
62	56	112	112	0.5		0	1/4	Chord	2/4	1	1	1/8		1/8	1	554									
62	56	225/2	225/2	0.5		1/8	3/8	Chord	2/4	1	1	1/8		1/8	1	555									
63	57	113	113	1.0		0	0	Chord	2/4	1	1	1/4		1/4	1	556									
63	57	114	114	0.5		1/4	1/4	Chord	2/4	1	1	1/8		1/8	1	557									
63	57	229/2	229/2	0.5		3/8	3/8	Chord	2/4	1	1	1/8		1/8	1	558									
63	57	113	113	0.0		0	0	Dynamic	2/4	2	1	0					f								
63	57	113	113	0.0		0	0	Chord	2/4	2	1	0	grace32	1/32	1	559									
63	57	113	113	0.0		0	0	Chord	2/4	2	1	0	grace32	1/32	1	560									
63	57	113	113	0.0		0	0	Chord	2/4	2	1	0	grace32	1/32	1	561									
63	57	113	113	0.5		0	0	Chord	2/4	2	1	1/8		1/8	1	562									
63	57	227/2	227/2	0.5		1/8	1/8	Chord	2/4	2	1	1/8		1/8	1	563									
63	57	114	114	0.5		1/4	1/4	Chord	2/4	2	1	1/8		1/8	1	564									
63	57	229/2	229/2	0.5		3/8	3/8	Chord	2/4	2	1	1/8		1/8	1	565									
64	58	115	115	0.5		0	0	Chord	2/4	1	1	1/8		1/8	1	566									
64	58	231/2	231/2	0.5		1/8	1/8	Chord	2/4	1	1	1/8		1/8	1	567									
64	58	116	116	0.5		1/4	1/4	Chord	2/4	1	1	1/8		1/8	1	568									
64	58	233/2	233/2	0.5		3/8	3/8	Chord	2/4	1	1	1/8		1/8	1	569									
64	58	115	115	0.0		0	0	Chord	2/4	2	1	0	grace32	1/32	1	570									
64	58	115	115	0.0		0	0	Chord	2/4	2	1	0	grace32	1/32	1	571									
64	58	115	115	0.0		0	0	Chord	2/4	2	1	0	grace32	1/32	1	572									
64	58	115	115	0.5		0	0	Chord	2/4	2	1	1/8		1/8	1	573									
64	58	231/2	231/2	0.5		1/8	1/8	Chord	2/4	2	1	1/8		1/8	1	574									
64	58	116	116	0.5		1/4	1/4	Chord	2/4	2	1	1/8		1/8	1	575									
64	58	233/2	233/2	0.5		3/8	3/8	Chord	2/4	2	1	1/8		1/8	1	576									
65	59	117	117	0.5		0	0	Chord	2/4	1	1	1/8		1/8	1	577									
65	59	235/2	235/2	0.5		1/8	1/8	Chord	2/4	1	1	1/8		1/8	1	578									
65	59	118	118	0.5		1/4	1/4	Chord	2/4	1	1	1/8		1/8	1	579									
65	59	237/2	237/2	0.5		3/8	3/8	Chord	2/4	1	1	1/8		1/8	1	580									
65	59	117	117	0.0		0	0	Chord	2/4	2	1	0	grace32	1/32	1	581									
65	59	117	117	0.0		0	0	Chord	2/4	2	1	0	grace32	1/32	1	582									
65	59	117	117	0.0		0	0	Chord	2/4	2	1	0	grace32	1/32	1	583									
65	59	117	117	0.5		0	0	Chord	2/4	2	1	1/8		1/8	1	584									
65	59	235/2	235/2	0.5		1/8	1/8	Chord	2/4	2	1	1/8		1/8	1	585									
65	59	118	118	0.0		1/4	1/4	Chord	2/4	2	1	0	grace32	1/32	1	586									
65	59	118	118	0.0		1/4	1/4	Chord	2/4	2	1	0	grace32	1/32	1	587									
65	59	118	118	0.0		1/4	1/4	Chord	2/4	2	1	0	grace32	1/32	1	588									
65	59	118	118	0.5		1/4	1/4	Chord	2/4	2	1	1/8		1/8	1	589									
65	59	237/2	237/2	0.5		3/8	3/8	Chord	2/4	2	1	1/8		1/8	1	590									
66	60	119	119	0.5		0	0	Chord	2/4	1	1	1/8		1/8	1	591									
66	60	239/2	239/2	0.5		1/8	1/8	Chord	2/4	1	1	1/8		1/8	1	592									
66	60	120	120	0.5		1/4	1/4	Chord	2/4	1	1	1/8		1/8	1	593									
66	60	241/2	241/2	0.5		3/8	3/8	Chord	2/4	1	1	1/8		1/8	1	594									
66	60	119	119	0.0		0	0	Chord	2/4	2	1	0	grace32	1/32	1	595									
66	60	119	119	0.0		0	0	Chord	2/4	2	1	0	grace32	1/32	1	596									
66	60	119	119	0.0		0	0	Chord	2/4	2	1	0	grace32	1/32	1	597									
66	60	119	119	0.5		0	0	Chord	2/4	2	1	1/8		1/8	1	598									
66	60	239/2	239/2	0.5		1/8	1/8	Chord	2/4	2	1	1/8		1/8	1	599									
66	60	120	120	0.5		1/4	1/4	Chord	2/4	2	1	1/8		1/8	1	600									
66	60	241/2	241/2	0.5		3/8	3/8	Chord	2/4	2	1	1/8		1/8	1	601									
67	61	121	121	1.0		0	0	Chord	2/4	1	1	1/4		1/4	1	602									
67	61	122	122	0.5		1/4	1/4	Chord	2/4	1	1	1/8		1/8	1	603									
67	61	245/2	245/2	0.5		3/8	3/8	Chord	2/4	1	1	1/8		1/8	1	604									
67	61	121	121	0.0		0	0	Chord	2/4	2	1	0	grace32	1/32	1	605									
67	61	121	121	0.0		0	0	Chord	2/4	2	1	0	grace32	1/32	1	606									
67	61	121	121	0.0		0	0	Chord	2/4	2	1	0	grace32	1/32	1	607									
67	61	121	121	0.5		0	0	Chord	2/4	2	1	1/8		1/8	1	608									
67	61	243/2	243/2	0.5		1/8	1/8	Chord	2/4	2	1	1/8		1/8	1	609									
67	61	122	122	0.5		1/4	1/4	Chord	2/4	2	1	1/8		1/8	1	610									
67	61	245/2	245/2	0.5		3/8	3/8	Chord	2/4	2	1	1/8		1/8	1	611									
68	62	123	123	0.5		0	0	Chord	2/4	1	1	1/8		1/8	1	612									
68	62	247/2	247/2	0.5		1/8	1/8	Chord	2/4	1	1	1/8		1/8	1	613									
68	62	124	124	0.5		1/4	1/4	Chord	2/4	1	1	1/8		1/8	1	614									
68	62	249/2	249/2	0.5		3/8	3/8	Chord	2/4	1	1	1/8		1/8	1	615									
68	62	123	123	0.0		0	0	Chord	2/4	2	1	0	grace32	1/32	1	616									
68	62	123	123	0.0		0	0	Chord	2/4	2	1	0	grace32	1/32	1	617									
68	62	123	123	0.0		0	0	Chord	2/4	2	1	0	grace32	1/32	1	618									
68	62	123	123	0.5		0	0	Chord	2/4	2	1	1/8		1/8	1	619									
68	62	247/2	247/2	0.5		1/8	1/8	Chord	2/4	2	1	1/8		1/8	1	620									
68	62	124	124	0.5		1/4	1/4	Chord	2/4	2	1	1/8		1/8	1	621									
68	62	249/2	249/2	0.5		3/8	3/8	Chord	2/4	2	1	1/8		1/8	1	622									
69	63	125	125	0.5		0	0	Chord	2/4	1	1	1/8		1/8	1	623									
69	63	251/2	251/2	0.5		1/8	1/8	Chord	2/4	1	1	1/8		1/8	1	624									
69	63	126	126	0.5		1/4	1/4	Chord	2/4	1	1	1/8		1/8	1	625									
69	63	253/2	253/2	0.5		3/8	3/8	Chord	2/4	1	1	1/8		1/8	1	626									
69	63	125	125	0.0		0	0	Chord	2/4	2	1	0	grace32	1/32	1	627									
69	63	125	125	0.0		0	0	Chord	2/4	2	1	0	grace32	1/32	1	628									
69	63	125	125	0.0		0	0	Chord	2/4	2	1	0	grace32	1/32	1	629									
69	63	125	125	0.5		0	0	Chord	2/4	2	1	1/8		1/8	1	630									
69	63	251/2	251/2	0.5		1/8	1/8	Chord	2/4	2	1	1/8		1/8	1	631									
69	63	126	126	0.0		1/4	1/4	Chord	2/4	2	1	0	grace32	1/32	1	632									
69	63	126	126	0.0		1/4	1/4	Chord	2/4	2	1	0	grace32	1/32	1	633									
69	63	126	126	0.0		1/4	1/4	Chord	2/4	2	1	0	grace32	1/32	1	634									
69	63	126	126	0.5		1/4	1/4	Chord	2/4	2	1	1/8		1/8	1	635									
69	63	253/2	253/2	0.5		3/8	3/8	Chord	2/4	2	1	1/8		1/8	1	636									
70	64	127	127	1.0		0	0	Chord	2/4	1	1	1/4		1/4	1	637									
70	64	127	127	1.0		0	0	Chord	2/4	2	1	1/4		1/4	1	638									
71	64	128	128	0.0		0	1/4	Dynamic	2/4	1	1	0					p								
71	64	128	128	0.0		0	1/4	Chord	2/4	1	1	0	grace16	1/16	1	639									
71	64	128	128	0.5		0	1/4	Chord	2/4	1	1	1/8		1/8	1	640									
71	64	257/2	257/2	0.25		1/8	3/8	Chord	2/4	1	1	1/16		1/16	1	641									
71	64	515/4	515/4	0.25		3/16	7/16	Chord	2/4	1	1	1/16		1/16	1	642									
72	65	129	129	0.5		0	0	Chord	2/4	1	1	1/8		1/8	1	643									
72	65	130	130	0.0		1/4	1/4	Chord	2/4	1	1	0	grace16	1/16	1	644									
72	65	130	130	0.5		1/4	1/4	Chord	2/4	1	1	1/8		1/8	1	645									
72	65	261/2	261/2	0.25		3/8	3/8	Chord	2/4	1	1	1/16		1/16	1	646									
72	65	523/4	523/4	0.25		7/16	7/16	Chord	2/4	1	1	1/16		1/16	1	647									
72	65	129	129	0.0		0	0	Dynamic	2/4	2	1	0					p								
72	65	129	129	0.5		0	0	Chord	2/4	2	1	1/8		1/8	1	648									11
72	65	259/2	259/2	0.5		1/8	1/8	Chord	2/4	2	1	1/8		1/8	1	649									
72	65	130	130	0.5		1/4	1/4	Chord	2/4	2	1	1/8		1/8	1	650									
72	65	261/2	261/2	0.5		3/8	3/8	Chord	2/4	2	1	1/8		1/8	1	651									
73	66	131	131	0.5		0	0	Chord	2/4	1	1	1/8		1/8	1	652									
73	66	132	132	0.0		1/4	1/4	Chord	2/4	1	1	0	grace16	1/16	1	653									
73	66	132	132	0.5		1/4	1/4	Chord	2/4	1	1	1/8		1/8	1	654									
73	66	265/2	265/2	0.25		3/8	3/8	Chord	2/4	1	1	1/16		1/16	1	655									
73	66	531/4	531/4	0.25		7/16	7/16	Chord	2/4	1	1	1/16		1/16	1	656									
73	66	131	131	0.5		0	0	Chord	2/4	2	1	1/8		1/8	1	657									12
73	66	263/2	263/2	0.5		1/8	1/8	Chord	2/4	2	1	1/8		1/8	1	658									
73	66	132	132	0.5		1/4	1/4	Chord	2/4	2	1	1/8		1/8	1	659									
73	66	265/2	265/2	0.5		3/8	3/8	Chord	2/4	2	1	1/8		1/8	1	660									
74	67	133	133	0.0		0	0	Chord	2/4	1	1	0	grace16	1/16	1	661									
74	67	133	133	0.5		0	0	Chord	2/4	1	1	1/8		1/8	1	662									
74	67	267/2	267/2	0.25		1/8	1/8	Chord	2/4	1	1	1/16		1/16	1	663									
74	67	535/4	535/4	0.25		3/16	3/16	Chord	2/4	1	1	1/16		1/16	1	664									
74	67	134	134	0.0		1/4	1/4	Chord	2/4	1	1	0	grace16	1/16	1	665									
74	67	134	134	0.5		1/4	1/4	Chord	2/4	1	1	1/8		1/8	1	666									
74	67	269/2	269/2	0.25		3/8	3/8	Chord	2/4	1	1	1/16		1/16	1	667									
74	67	539/4	539/4	0.25		7/16	7/16	Chord	2/4	1	1	1/16		1/16	1	668									
74	67	133	133	0.5		0	0	Chord	2/4	2	1	1/8		1/8	1	669									
74	67	267/2	267/2	0.5		1/8	1/8	Chord	2/4	2	1	1/8		1/8	1	670									
74	67	134	134	0.5		1/4	1/4	Chord	2/4	2	1	1/8		1/8	1	671									
74	67	269/2	269/2	0.5		3/8	3/8	Chord	2/4	2	1	1/8		1/8	1	672									
75	68	135	135	1.0		0	0	Chord	2/4	1	1	1/4		1/4	1	673									
75	68	136	136	0.5		1/4	1/4	Chord	2/4	1	1	1/8		1/8	1	674									
75	68	273/2	273/2	0.5		3/8	3/8	Chord	2/4	1	1	1/8		1/8	1	675									
75	68	135	135	0.5		0	0	Chord	2/4	2	1	1/8		1/8	1	676									13
75	68	271/2	271/2	0.5		1/8	1/8	Chord	2/4	2	1	1/8		1/8	1	677									
75	68	136	136	0.5		1/4	1/4	Chord	2/4	2	1	1/8		1/8	1	678									
75	68	273/2	273/2	0.5		3/8	3/8	Chord	2/4	2	1	1/8		1/8	1	679									
76	69	137	137	0.0		0	0	Chord	2/4	1	1	0	grace16	1/32	1	680									
76	69	137	137	0.0		0	0	Chord	2/4	1	1	0	grace16	1/32	1	681									
76	69	137	137	0.5		0	0	Chord	2/4	1	1	1/8		1/8	1	682									
76	69	275/2	275/2	0.5		1/8	1/8	Chord	2/4	1	1	1/8		1/8	1	683									
76	69	138	138	0.5		1/4	1/4	Chord	2/4	1	1	1/8		1/8	1	684									
76	69	277/2	277/2	0.5		3/8	3/8	Chord	2/4	1	1	1/8		1/8	1	685									
76	69	137	137	0.5		0	0	Chord	2/4	2	1	1/8		1/8	1	686									
76	69	275/2	275/2	0.5		1/8	1/8	Chord	2/4	2	1	1/8		1/8	1	687									
76	69	138	138	0.5		1/4	1/4	Chord	2/4	2	1	1/8		1/8	1	688									
76	69	277/2	277/2	0.5		3/8	3/8	Chord	2/4	2	1	1/8		1/8	1	689									
77	70	139	139	0.0		0	0	Chord	2/4	1	1	0	grace16	1/32	1	690									
77	70	139	139	0.0		0	0	Chord	2/4	1	1	0	grace16	1/32	1	691									
77	70	139	139	0.5		0	0	Chord	2/4	1	1	1/8		1/8	1	692									
77	70	279/2	279/2	0.5		1/8	1/8	Chord	2/4	1	1	1/8		1/8	1	693									
77	70	140	140	0.5		1/4	1/4	Chord	2/4	1	1	1/8		1/8	1	694									
77	70	281/2	281/2	0.5		3/8	3/8	Chord	2/4	1	1	1/8		1/8	1	695									
77	70	139	139	0.5		0	0	Chord	2/4	2	1	1/8		1/8	1	696									
77	70	279/2	279/2	0.5		1/8	1/8	Chord	2/4	2	1	1/8		1/8	1	697									
77	70	140	140	0.5		1/4	1/4	Chord	2/4	2	1	1/8		1/8	1	698									
77	70	281/2	281/2	0.5		3/8	3/8	Chord	2/4	2	1	1/8		1/8	1	699									
78	71	141	141	0.0		0	0	Chord	2/4	1	1	0	grace16	1/32	1	700									
78	71	141	141	0.0		0	0	Chord	2/4	1	1	0	grace16	1/32	1	701									
78	71	141	141	0.5		0	0	Chord	2/4	1	1	1/8		1/8	1	702									
78	71	283/2	283/2	0.5		1/8	1/8	Chord	2/4	1	1	1/8		1/8	1	703									
78	71	142	142	0.5		1/4	1/4	Chord	2/4	1	1	1/8		1/8	1	704									
78	71	285/2	285/2	0.5		3/8	3/8	Chord	2/4	1	1	1/8		1/8	1	705									
78	71	141	141	0.5		0	0	Chord	2/4	2	1	1/8		1/8	1	706									
78	71	283/2	283/2	0.5		1/8	1/8	Chord	2/4	2	1	1/8		1/8	1	707									
78	71	142	142	0.5		1/4	1/4	Chord	2/4	2	1	1/8		1/8	1	708									
78	71	285/2	285/2	0.5		3/8	3/8	Chord	2/4	2	1	1/8		1/8	1	709									
79	72	143	143	1.0		0	0	Chord	2/4	1	1	1/4		1/4	1	710									
79	72	143	143	1.0		0	0	Chord	2/4	2	1	1/4		1/4	1	711									
80	72	144	144	0.5		0	1/4	Chord	2/4	1	1	1/8		1/8	1	712									
80	72	289/2	289/2	0.5		1/8	3/8	Chord	2/4	1	1	1/8		1/8	1	713									
81	73	145	145	0.5		0	0	Chord	2/4	1	1	1/8		1/8	1	714									
81	73	291/2	291/2	0.5		1/8	1/8	Chord	2/4	1	1	1/8		1/8	1	715									
81	73	146	146	0.0		1/4	1/4	Chord	2/4	1	1	0	grace16	1/16	1	716									
81	73	146	146	0.5		1/4	1/4	Chord	2/4	1	1	1/8		1/8	1	717									
81	73	293/2	293/2	0.25		3/8	3/8	Chord	2/4	1	1	1/16		1/16	1	718									
81	73	587/4	587/4	0.25		7/16	7/16	Chord	2/4	1	1	1/16		1/16	1	719									
81	73	145	145	0.5		0	0	Chord	2/4	2	1	1/8		1/8	1	720									
81	73	291/2	291/2	0.5		1/8	1/8	Chord	2/4	2	1	1/8		1/8	1	721									
81	73	146	146	0.5		1/4	1/4	Chord	2/4	2	1	1/8		1/8	1	722									
81	73	293/2	293/2	0.5		3/8	3/8	Chord	2/4	2	1	1/8		1/8	1	723									
82	74	147	147	1.0		0	0	Chord	2/4	1	1	1/4		1/4	1	724									
82	74	148	148	0.5		1/4	1/4	Chord	2/4	1	1	1/8		1/8	1	725									
82	74	297/2	297/2	0.5		3/8	3/8	Chord	2/4	1	1	1/8		1/8	1	726									
82	74	147	147	0.5		0	0	Chord	2/4	1	2	1/8		1/8	1	727									
82	74	295/2	295/2	0.5		1/8	1/8	Chord	2/4	1	2	1/8		1/8	1	728									
82	74	147	147	1.0		0	0	Chord	2/4	2	1	1/4		1/4	1	729									
83	75	149	149	0.5		0	0	Chord	2/4	1	1	1/8		1/8	1	730									
83	75	299/2	299/2	0.5		1/8	1/8	Chord	2/4	1	1	1/8		1/8	1	731									
83	75	150	150	0.0		1/4	1/4	Chord	2/4	1	1	0	grace16	1/16	1	732									
83	75	150	150	0.5		1/4	1/4	Chord	2/4	1	1	1/8		1/8	1	733									
83	75	301/2	301/2	0.25		3/8	3/8	Chord	2/4	1	1	1/16		1/16	1	734									
83	75	603/4	603/4	0.25		7/16	7/16	Chord	2/4	1	1	1/16		1/16	1	735									
83	75	149	149	0.5		0	0	Chord	2/4	2	1	1/8		1/8	1	736									
83	75	299/2	299/2	0.5		1/8	1/8	Chord	2/4	2	1	1/8		1/8	1	737									
83	75	150	150	0.5		1/4	1/4	Chord	2/4	2	1	1/8		1/8	1	738									
83	75	301/2	301/2	0.5		3/8	3/8	Chord	2/4	2	1	1/8		1/8	1	739									
84	76	151	151	1.0		0	0	Chord	2/4	1	1	1/4		1/4	1	740									
84	76	152	152	0.5		1/4	1/4	Chord	2/4	1	1	1/8		1/8	1	741									
84	76	305/2	305/2	0.5		3/8	3/8	Chord	2/4	1	1	1/8		1/8	1	742									
84	76	151	151	1.0		0	0	Chord	2/4	2	1	1/4		1/4	1	743									
85	77	153	153	0.5		0	0	Chord	2/4	1	1	1/8		1/8	1	744									
85	77	307/2	307/2	0.5		1/8	1/8	Chord	2/4	1	1	1/8		1/8	1	745									
85	77	154	154	0.0		1/4	1/4	Chord	2/4	1	1	0	grace16	1/16	1	746									
85	77	154	154	0.5		1/4	1/4	Chord	2/4	1	1	1/8		1/8	1	747									
85	77	309/2	309/2	0.25		3/8	3/8	Chord	2/4	1	1	1/16		1/16	1	748									
85	77	619/4	619/4	0.25		7/16	7/16	Chord	2/4	1	1	1/16		1/16	1	749									
85	77	153	153	0.5		0	0	Chord	2/4	2	1	1/8		1/8	1	750									
85	77	307/2	307/2	0.5		1/8	1/8	Chord	2/4	2	1	1/8		1/8	1	751									
85	77	154	154	0.5		1/4	1/4	Chord	2/4	2	1	1/8		1/8	1	752									
85	77	309/2	309/2	0.5		3/8	3/8	Chord	2/4	2	1	1/8		1/8	1	753									
86	78	155	155	1.0		0	0	Chord	2/4	1	1	1/4		1/4	1	754									
86	78	156	156	0.5		1/4	1/4	Chord	2/4	1	1	1/8		1/8	1	755									
86	78	313/2	313/2	0.5		3/8	3/8	Chord	2/4	1	1	1/8		1/8	1	756									
86	78	155	155	0.5		0	0	Chord	2/4	1	2	1/8		1/8	1	757									
86	78	311/2	311/2	0.5		1/8	1/8	Chord	2/4	1	2	1/8		1/8	1	758									
86	78	155	155	1.0		0	0	Chord	2/4	2	1	1/4		1/4	1	759									
87	79	157	157	0.5		0	0	Chord	2/4	1	1	1/8		1/8	1	760									
87	79	315/2	315/2	0.5		1/8	1/8	Chord	2/4	1	1	1/8		1/8	1	761									
87	79	158	158	0.0		1/4	1/4	Chord	2/4	1	1	0	grace16	1/16	1	762									
87	79	158	158	0.5		1/4	1/4	Chord	2/4	1	1	1/8		1/8	1	763									
87	79	317/2	317/2	0.25		3/8	3/8	Chord	2/4	1	1	1/16		1/16	1	764									
87	79	635/4	635/4	0.25		7/16	7/16	Chord	2/4	1	1	1/16		1/16	1	765									
87	79	157	157	0.5		0	0	Chord	2/4	2	1	1/8		1/8	1	766									
87	79	315/2	315/2	0.5		1/8	1/8	Chord	2/4	2	1	1/8		1/8	1	767									
87	79	158	158	0.5		1/4	1/4	Chord	2/4	2	1	1/8		1/8	1	768									
87	79	317/2	317/2	0.5		3/8	3/8	Chord	2/4	2	1	1/8		1/8	1	769									
88	80	159	159	1.0		0	0	Chord	2/4	1	1	1/4		1/4	1	770									
88	80	160	160	0.0		1/4	1/4	Chord	2/4	1	1	0	grace16	1/16	1	771									
88	80	160	160	0.5		1/4	1/4	Chord	2/4	1	1	1/8		1/8	1	772									
88	80	321/2	321/2	0.25		3/8	3/8	Chord	2/4	1	1	1/16		1/16	1	773									
88	80	643/4	643/4	0.25		7/16	7/16	Chord	2/4	1	1	1/16		1/16	1	774									
88	80	159	159	1.0		0	0	Chord	2/4	2	1	1/4		1/4	1	775									
89	81	161	161	0.5		0	0	Chord	2/4	1	1	1/8		1/8	1	776									
89	81	162	162	0.0		1/4	1/4	Chord	2/4	1	1	0	grace16	1/16	1	777									
89	81	162	162	0.5		1/4	1/4	Chord	2/4	1	1	1/8		1/8	1	778									
89	81	325/2	325/2	0.25		3/8	3/8	Chord	2/4	1	1	1/16		1/16	1	779									
89	81	651/4	651/4	0.25		7/16	7/16	Chord	2/4	1	1	1/16		1/16	1	780									
89	81	161	161	0.5		0	0	Chord	2/4	2	1	1/8		1/8	1	781									14
89	81	323/2	323/2	0.5		1/8	1/8	Chord	2/4	2	1	1/8		1/8	1	782									
89	81	162	162	0.5		1/4	1/4	Chord	2/4	2	1	1/8		1/8	1	783									
89	81	325/2	325/2	0.5		3/8	3/8	Chord	2/4	2	1	1/8		1/8	1	784									
90	82	163	163	0.5		0	0	Chord	2/4	1	1	1/8		1/8	1	785									
90	82	164	164	0.0		1/4	1/4	Chord	2/4	1	1	0	grace16	1/16	1	786									
90	82	164	164	0.5		1/4	1/4	Chord	2/4	1	1	1/8		1/8	1	787									
90	82	329/2	329/2	0.25		3/8	3/8	Chord	2/4	1	1	1/16		1/16	1	788									
90	82	659/4	659/4	0.25		7/16	7/16	Chord	2/4	1	1	1/16		1/16	1	789									
90	82	163	163	0.5		0	0	Chord	2/4	2	1	1/8		1/8	1	790									15
90	82	327/2	327/2	0.5		1/8	1/8	Chord	2/4	2	1	1/8		1/8	1	791									
90	82	164	164	0.5		1/4	1/4	Chord	2/4	2	1	1/8		1/8	1	792									
90	82	329/2	329/2	0.5		3/8	3/8	Chord	2/4	2	1	1/8		1/8	1	793									
91	83	165	165	0.0		0	0	Chord	2/4	1	1	0	grace16	1/16	1	794									
91	83	165	165	0.5		0	0	Chord	2/4	1	1	1/8		1/8	1	795									
91	83	331/2	331/2	0.25		1/8	1/8	Chord	2/4	1	1	1/16		1/16	1	796									
91	83	663/4	663/4	0.25		3/16	3/16	Chord	2/4	1	1	1/16		1/16	1	797									
91	83	166	166	0.0		1/4	1/4	Chord	2/4	1	1	0	grace16	1/16	1	798									
91	83	166	166	0.5		1/4	1/4	Chord	2/4	1	1	1/8		1/8	1	799									
91	83	333/2	333/2	0.25		3/8	3/8	Chord	2/4	1	1	1/16		1/16	1	800									
91	83	667/4	667/4	0.25		7/16	7/16	Chord	2/4	1	1	1/16		1/16	1	801									
91	83	165	165	0.5		0	0	Chord	2/4	2	1	1/8		1/8	1	802									
91	83	331/2	331/2	0.5		1/8	1/8	Chord	2/4	2	1	1/8		1/8	1	803									
91	83	166	166	0.5		1/4	1/4	Chord	2/4	2	1	1/8		1/8	1	804									
91	83	333/2	333/2	0.5		3/8	3/8	Chord	2/4	2	1	1/8		1/8	1	805									
92	84	167	167	0.0		0	0	Dynamic	2/4	1	1	0					f								
92	84	167	167	1.0		0	0	Chord	2/4	1	1	1/4		1/4	1	806									
92	84	168	168	0.0		1/4	1/4	Dynamic	2/4	1	1	0					p								
92	84	168	168	0.5		1/4	1/4	Chord	2/4	1	1	1/8		1/8	1	807									
92	84	337/2	337/2	0.5		3/8	3/8	Chord	2/4	1	1	1/8		1/8	1	808									
92	84	167	167	0.5		0	0	Chord	2/4	2	1	1/8		1/8	1	809									16
92	84	335/2	335/2	0.5		1/8	1/8	Chord	2/4	2	1	1/8		1/8	1	810									
92	84	168	168	0.5		1/4	1/4	Chord	2/4	2	1	1/8		1/8	1	811									
92	84	337/2	337/2	0.5		3/8	3/8	Chord	2/4	2	1	1/8		1/8	1	812									
93	85	169	169	0.5		0	0	Chord	2/4	1	1	1/8		1/8	1	813									
93	85	339/2	339/2	0.5		1/8	1/8	Chord	2/4	1	1	1/8		1/8	1	814									
93	85	170	170	0.5		1/4	1/4	Chord	2/4	1	1	1/8		1/8	1	815									
93	85	341/2	341/2	0.5		3/8	3/8	Chord	2/4	1	1	1/8		1/8	1	816									
93	85	169	169	0.5		0	0	Chord	2/4	2	1	1/8		1/8	1	817									
93	85	339/2	339/2	0.5		1/8	1/8	Chord	2/4	2	1	1/8		1/8	1	818									
93	85	170	170	0.5		1/4	1/4	Chord	2/4	2	1	1/8		1/8	1	819									
93	85	341/2	341/2	0.5		3/8	3/8	Chord	2/4	2	1	1/8		1/8	1	820									
94	86	171	171	0.5		0	0	Chord	2/4	1	1	1/8		1/8	1	821									
94	86	343/2	343/2	0.5		1/8	1/8	Chord	2/4	1	1	1/8		1/8	1	822									
94	86	172	172	0.5		1/4	1/4	Chord	2/4	1	1	1/8		1/8	1	823									
94	86	345/2	345/2	0.5		3/8	3/8	Chord	2/4	1	1	1/8		1/8	1	824									
94	86	171	171	0.5		0	0	Chord	2/4	2	1	1/8		1/8	1	825									
94	86	343/2	343/2	0.5		1/8	1/8	Chord	2/4	2	1	1/8		1/8	1	826									
94	86	172	172	0.5		1/4	1/4	Chord	2/4	2	1	1/8		1/8	1	827									
94	86	345/2	345/2	0.5		3/8	3/8	Chord	2/4	2	1	1/8		1/8	1	828									
95	87	173	173	1.0		0	0	Chord	2/4	1	1	1/4		1/4	1	829									
95	87	174	174	0.75		1/4	1/4	Chord	2/4	1	1	3/16		1/8	3/2	830		ornamentTrill							
95	87	699/4	699/4	0.125		7/16	7/16	Chord	2/4	1	1	1/32		1/32	1	831									
95	87	1399/8	1399/8	0.125		15/32	15/32	Chord	2/4	1	1	1/32		1/32	1	832									
95	87	173	173	0.5		0	0	Chord	2/4	2	1	1/8		1/8	1	833									
95	87	347/2	347/2	0.5		1/8	1/8	Chord	2/4	2	1	1/8		1/8	1	834									
95	87	174	174	0.5		1/4	1/4	Chord	2/4	2	1	1/8		1/8	1	835									
95	87	349/2	349/2	0.5		3/8	3/8	Chord	2/4	2	1	1/8		1/8	1	836									
96	88	175	175	1.0		0	0	Chord	2/4	1	1	1/4		1/4	1	837									
96	88	175	175	1.0		0	0	Chord	2/4	2	1	1/4		1/4	1	838									
97	88	176	176	0.25		0	1/4	Chord	2/4	1	1	1/16		1/16	1	839									
97	88	705/4	705/4	0.25		1/16	5/16	Chord	2/4	1	1	1/16		1/16	1	840									
97	88	353/2	353/2	0.25		1/8	3/8	Chord	2/4	1	1	1/16		1/16	1	841									
97	88	707/4	707/4	0.25		3/16	7/16	Chord	2/4	1	1	1/16		1/16	1	842									
97	88	176	176	0.0		0	1/4	Dynamic	2/4	2	1	0					f								
98	89	177	177	0.25		0	0	Chord	2/4	1	1	1/16		1/16	1	843									
98	89	709/4	709/4	0.25		1/16	1/16	Chord	2/4	1	1	1/16		1/16	1	844									
98	89	178	178	0.25		1/4	1/4	Chord	2/4	1	1	1/16		1/16	1	845									
98	89	713/4	713/4	0.25		5/16	5/16	Chord	2/4	1	1	1/16		1/16	1	846									
98	89	357/2	357/2	0.25		3/8	3/8	Chord	2/4	1	1	1/16		1/16	1	847									
98	89	715/4	715/4	0.25		7/16	7/16	Chord	2/4	1	1	1/16		1/16	1	848									
98	89	177	177	0.0		0	0	Dynamic	2/4	2	1	0					f								
98	89	177	177	0.0		0	0	Chord	2/4	2	1	0	grace32	1/32	1	849									
98	89	177	177	0.0		0	0	Chord	2/4	2	1	0	grace32	1/32	1	850									
98	89	177	177	0.0		0	0	Chord	2/4	2	1	0	grace32	1/32	1	851									
98	89	177	177	0.5		0	0	Chord	2/4	2	1	1/8		1/8	1	852									
98	89	355/2	355/2	0.5		1/8	1/8	Chord	2/4	2	1	1/8		1/8	1	853									
98	89	178	178	0.5		1/4	1/4	Chord	2/4	2	1	1/8		1/8	1	854									
98	89	357/2	357/2	0.5		3/8	3/8	Chord	2/4	2	1	1/8		1/8	1	855									
99	90	179	179	0.25		0	0	Chord	2/4	1	1	1/16		1/16	1	856									
99	90	717/4	717/4	0.25		1/16	1/16	Chord	2/4	1	1	1/16		1/16	1	857									
99	90	359/2	359/2	0.25		1/8	1/8	Chord	2/4	1	1	1/16		1/16	1	858									
99	90	719/4	719/4	0.25		3/16	3/16	Chord	2/4	1	1	1/16		1/16	1	859									
99	90	180	180	0.25		1/4	1/4	Chord	2/4	1	1	1/16		1/16	1	860									
99	90	721/4	721/4	0.25		5/16	5/16	Chord	2/4	1	1	1/16		1/16	1	861									
99	90	361/2	361/2	0.25		3/8	3/8	Chord	2/4	1	1	1/16		1/16	1	862									
99	90	723/4	723/4	0.25		7/16	7/16	Chord	2/4	1	1	1/16		1/16	1	863									
99	90	179	179	0.0		0	0	Chord	2/4	2	1	0	grace32	1/32	1	864									
99	90	179	179	0.0		0	0	Chord	2/4	2	1	0	grace32	1/32	1	865									
99	90	179	179	0.0		0	0	Chord	2/4	2	1	0	grace32	1/32	1	866									
99	90	179	179	0.5		0	0	Chord	2/4	2	1	1/8		1/8	1	867									
99	90	359/2	359/2	0.5		1/8	1/8	Chord	2/4	2	1	1/8		1/8	1	868									
99	90	180	180	0.5		1/4	1/4	Chord	2/4	2	1	1/8		1/8	1	869									
99	90	361/2	361/2	0.5		3/8	3/8	Chord	2/4	2	1	1/8		1/8	1	870									
100	91	181	181	0.25		0	0	Chord	2/4	1	1	1/16		1/16	1	871									
100	91	725/4	725/4	0.25		1/16	1/16	Chord	2/4	1	1	1/16		1/16	1	872									
100	91	363/2	363/2	0.25		1/8	1/8	Chord	2/4	1	1	1/16		1/16	1	873									
100	91	727/4	727/4	0.25		3/16	3/16	Chord	2/4	1	1	1/16		1/16	1	874									
100	91	182	182	0.25		1/4	1/4	Chord	2/4	1	1	1/16		1/16	1	875									
100	91	729/4	729/4	0.25		5/16	5/16	Chord	2/4	1	1	1/16		1/16	1	876									
100	91	365/2	365/2	0.25		3/8	3/8	Chord	2/4	1	1	1/16		1/16	1	877									
100	91	731/4	731/4	0.25		7/16	7/16	Chord	2/4	1	1	1/16		1/16	1	878									
100	91	181	181	0.0		0	0	Chord	2/4	2	1	0	grace32	1/32	1	879									
100	91	181	181	0.0		0	0	Chord	2/4	2	1	0	grace32	1/32	1	880									
100	91	181	181	0.0		0	0	Chord	2/4	2	1	0	grace32	1/32	1	881									
100	91	181	181	0.5		0	0	Chord	2/4	2	1	1/8		1/8	1	882									
100	91	363/2	363/2	0.5		1/8	1/8	Chord	2/4	2	1	1/8		1/8	1	883									
100	91	182	182	0.0		1/4	1/4	Chord	2/4	2	1	0	grace32	1/32	1	884									
100	91	182	182	0.0		1/4	1/4	Chord	2/4	2	1	0	grace32	1/32	1	885									
100	91	182	182	0.0		1/4	1/4	Chord	2/4	2	1	0	grace32	1/32	1	886									
100	91	182	182	0.5		1/4	1/4	Chord	2/4	2	1	1/8		1/8	1	887									
100	91	365/2	365/2	0.5		3/8	3/8	Chord	2/4	2	1	1/8		1/8	1	888									
101	92	183	183	0.25		0	0	Chord	2/4	1	1	1/16		1/16	1	889									
101	92	733/4	733/4	0.25		1/16	1/16	Chord	2/4	1	1	1/16		1/16	1	890									
101	92	367/2	367/2	0.25		1/8	1/8	Chord	2/4	1	1	1/16		1/16	1	891									
101	92	735/4	735/4	0.25		3/16	3/16	Chord	2/4	1	1	1/16		1/16	1	892									
101	92	184	184	0.25		1/4	1/4	Chord	2/4	1	1	1/16		1/16	1	893									
101	92	737/4	737/4	0.25		5/16	5/16	Chord	2/4	1	1	1/16		1/16	1	894									
101	92	369/2	369/2	0.25		3/8	3/8	Chord	2/4	1	1	1/16		1/16	1	895									
101	92	739/4	739/4	0.25		7/16	7/16	Chord	2/4	1	1	1/16		1/16	1	896									
101	92	183	183	0.0		0	0	Chord	2/4	2	1	0	grace32	1/32	1	897									
101	92	183	183	0.0		0	0	Chord	2/4	2	1	0	grace32	1/32	1	898									
101	92	183	183	0.0		0	0	Chord	2/4	2	1	0	grace32	1/32	1	899									
101	92	183	183	0.5		0	0	Chord	2/4	2	1	1/8		1/8	1	900									
101	92	367/2	367/2	0.5		1/8	1/8	Chord	2/4	2	1	1/8		1/8	1	901									
101	92	184	184	0.5		1/4	1/4	Chord	2/4	2	1	1/8		1/8	1	902									
101	92	369/2	369/2	0.5		3/8	3/8	Chord	2/4	2	1	1/8		1/8	1	903									
102	93	185	185	0.25		0	0	Chord	2/4	1	1	1/16		1/16	1	904									
102	93	741/4	741/4	0.25		1/16	1/16	Chord	2/4	1	1	1/16		1/16	1	905									
102	93	186	186	0.25		1/4	1/4	Chord	2/4	1	1	1/16		1/16	1	906									
102	93	745/4	745/4	0.25		5/16	5/16	Chord	2/4	1	1	1/16		1/16	1	907									
102	93	373/2	373/2	0.25		3/8	3/8	Chord	2/4	1	1	1/16		1/16	1	908									
102	93	747/4	747/4	0.25		7/16	7/16	Chord	2/4	1	1	1/16		1/16	1	909									
102	93	185	185	0.0		0	0	Chord	2/4	2	1	0	grace32	1/32	1	910									
102	93	185	185	0.0		0	0	Chord	2/4	2	1	0	grace32	1/32	1	911									
102	93	185	185	0.0		0	0	Chord	2/4	2	1	0	grace32	1/32	1	912									
102	93	185	185	0.5		0	0	Chord	2/4	2	1	1/8		1/8	1	913									
102	93	371/2	371/2	0.5		1/8	1/8	Chord	2/4	2	1	1/8		1/8	1	914									
102	93	186	186	0.5		1/4	1/4	Chord	2/4	2	1	1/8		1/8	1	915									
102	93	373/2	373/2	0.5		3/8	3/8	Chord	2/4	2	1	1/8		1/8	1	916									
103	94	187	187	0.25		0	0	Chord	2/4	1	1	1/16		1/16	1	917									
103	94	749/4	749/4	0.25		1/16	1/16	Chord	2/4	1	1	1/16		1/16	1	918									
103	94	375/2	375/2	0.25		1/8	1/8	Chord	2/4	1	1	1/16		1/16	1	919									
103	94	751/4	751/4	0.25		3/16	3/16	Chord	2/4	1	1	1/16		1/16	1	920									
103	94	188	188	0.25		1/4	1/4	Chord	2/4	1	1	1/16		1/16	1	921									
103	94	753/4	753/4	0.25		5/16	5/16	Chord	2/4	1	1	1/16		1/16	1	922									
103	94	377/2	377/2	0.25		3/8	3/8	Chord	2/4	1	1	1/16		1/16	1	923									
103	94	755/4	755/4	0.25		7/16	7/16	Chord	2/4	1	1	1/16		1/16	1	924									
103	94	187	187	0.0		0	0	Chord	2/4	2	1	0	grace32	1/32	1	925									
103	94	187	187	0.0		0	0	Chord	2/4	2	1	0	grace32	1/32	1	926									
103	94	187	187	0.0		0	0	Chord	2/4	2	1	0	grace32	1/32	1	927									
103	94	187	187	0.5		0	0	Chord	2/4	2	1	1/8		1/8	1	928									
103	94	375/2	375/2	0.5		1/8	1/8	Chord	2/4	2	1	1/8		1/8	1	929									
103	94	188	188	0.5		1/4	1/4	Chord	2/4	2	1	1/8		1/8	1	930									
103	94	377/2	377/2	0.5		3/8	3/8	Chord	2/4	2	1	1/8		1/8	1	931									
104	95	189	189	0.25		0	0	Chord	2/4	1	1	1/16		1/16	1	932									
104	95	757/4	757/4	0.25		1/16	1/16	Chord	2/4	1	1	1/16		1/16	1	933									
104	95	379/2	379/2	0.25		1/8	1/8	Chord	2/4	1	1	1/16		1/16	1	934									
104	95	759/4	759/4	0.25		3/16	3/16	Chord	2/4	1	1	1/16		1/16	1	935									
104	95	190	190	0.25		1/4	1/4	Chord	2/4	1	1	1/16		1/16	1	936									
104	95	761/4	761/4	0.25		5/16	5/16	Chord	2/4	1	1	1/16		1/16	1	937									
104	95	381/2	381/2	0.25		3/8	3/8	Chord	2/4	1	1	1/16		1/16	1	938									
104	95	763/4	763/4	0.25		7/16	7/16	Chord	2/4	1	1	1/16		1/16	1	939									
104	95	189	189	0.0		0	0	Chord	2/4	2	1	0	grace32	1/32	1	940									
104	95	189	189	0.0		0	0	Chord	2/4	2	1	0	grace32	1/32	1	941									
104	95	189	189	0.0		0	0	Chord	2/4	2	1	0	grace32	1/32	1	942									
104	95	189	189	0.5		0	0	Chord	2/4	2	1	1/8		1/8	1	943									
104	95	379/2	379/2	0.5		1/8	1/8	Chord	2/4	2	1	1/8		1/8	1	944									
104	95	190	190	0.0		1/4	1/4	Chord	2/4	2	1	0	grace32	1/32	1	945									
104	95	190	190	0.0		1/4	1/4	Chord	2/4	2	1	0	grace32	1/32	1	946									
104	95	190	190	0.0		1/4	1/4	Chord	2/4	2	1	0	grace32	1/32	1	947									
104	95	190	190	0.5		1/4	1/4	Chord	2/4	2	1	1/8		1/8	1	948									
104	95	381/2	381/2	0.5		3/8	3/8	Chord	2/4	2	1	1/8		1/8	1	949									
105	96		191	1.0	1	0	0	Chord	2/4	1	1	1/4		1/4	1	950									
105	96		191	1.0	1	0	0	Chord	2/4	2	1	1/4		1/4	1	951									
106	96	191	192	0.0	2	0	0	SystemText	2/4	1	1	0							CODA						
106	96	191	192	1.0	2	0	0	Chord	2/4	1	1	1/4		1/4	1	952									
106	96	192	193	0.75	2	1/4	1/4	Chord	2/4	1	1	3/16		1/8	3/2	953									
106	96	771/4	775/4	0.25	2	7/16	7/16	Chord	2/4	1	1	1/16		1/16	1	954									
106	96	192	193	1.0	2	1/4	1/4	Chord	2/4	1	2	1/4		1/4	1	955									
106	96	191	192	0.0	2	0	0	Chord	2/4	2	1	0	grace32	1/32	1	956									
106	96	191	192	0.0	2	0	0	Chord	2/4	2	1	0	grace32	1/32	1	957									
106	96	191	192	0.0	2	0	0	Chord	2/4	2	1	0	grace32	1/32	1	958									
106	96	191	192	0.5	2	0	0	Chord	2/4	2	1	1/8		1/8	1	959									
106	96	383/2	385/2	0.5	2	1/8	1/8	Chord	2/4	2	1	1/8		1/8	1	960									
106	96	192	193	0.5	2	1/4	1/4	Chord	2/4	2	1	1/8		1/8	1	961									
106	96	385/2	387/2	0.5	2	3/8	3/8	Chord	2/4	2	1	1/8		1/8	1	962									
107	97	193	194	2.0		0	0	Chord	2/4	1	1	1/2		1/2	1	963									
107	97	193	194	0.0		0	0	Dynamic	2/4	1	2	0					f								
107	97	193	194	1.0		0	0	Chord	2/4	1	2	1/4		1/4	1	964									
107	97	193	194	0.0		0	0	Chord	2/4	2	1	0	grace32	1/32	1	965									
107	97	193	194	0.0		0	0	Chord	2/4	2	1	0	grace32	1/32	1	966									
107	97	193	194	0.0		0	0	Chord	2/4	2	1	0	grace32	1/32	1	967									
107	97	193	194	0.5		0	0	Chord	2/4	2	1	1/8		1/8	1	968									
107	97	387/2	389/2	0.5		1/8	1/8	Chord	2/4	2	1	1/8		1/8	1	969									
107	97	194	195	0.5		1/4	1/4	Chord	2/4	2	1	1/8		1/8	1	970									
107	97	389/2	391/2	0.5		3/8	3/8	Chord	2/4	2	1	1/8		1/8	1	971									
108	98	195	196	2.0		0	0	Chord	2/4	1	1	1/2		1/2	1	972									
108	98	195	196	1.0		0	0	Chord	2/4	1	2	1/4		1/4	1	973									
108	98	195	196	0.0		0	0	Chord	2/4	2	1	0	grace32	1/32	1	974									
108	98	195	196	0.0		0	0	Chord	2/4	2	1	0	grace32	1/32	1	975									
108	98	195	196	0.0		0	0	Chord	2/4	2	1	0	grace32	1/32	1	976									
108	98	195	196	0.5		0	0	Chord	2/4	2	1	1/8		1/8	1	977									
108	98	391/2	393/2	0.5		1/8	1/8	Chord	2/4	2	1	1/8		1/8	1	978									
108	98	196	197	0.5		1/4	1/4	Chord	2/4	2	1	1/8		1/8	1	979									
108	98	393/2	395/2	0.5		3/8	3/8	Chord	2/4	2	1	1/8		1/8	1	980									
109	99	197	198	0.25		0	0	Chord	2/4	1	1	1/16		1/16	1	981									17
109	99	789/4	793/4	0.25		1/16	1/16	Chord	2/4	1	1	1/16		1/16	1	982									
109	99	395/2	397/2	0.25		1/8	1/8	Chord	2/4	1	1	1/16		1/16	1	983		articStaccatoAbove							
109	99	791/4	795/4	0.25		3/16	3/16	Chord	2/4	1	1	1/16		1/16	1	984		articStaccatoAbove							
109	99	198	199	0.25		1/4	1/4	Chord	2/4	1	1	1/16		1/16	1	985									18
109	99	793/4	797/4	0.25		5/16	5/16	Chord	2/4	1	1	1/16		1/16	1	986									
109	99	397/2	399/2	0.25		3/8	3/8	Chord	2/4	1	1	1/16		1/16	1	987		articStaccatoAbove							
109	99	795/4	799/4	0.25		7/16	7/16	Chord	2/4	1	1	1/16		1/16	1	988		articStaccatoAbove							
109	99	197	198	0.0		0	0	Chord	2/4	2	1	0	grace32	1/32	1	989									
109	99	197	198	0.0		0	0	Chord	2/4	2	1	0	grace32	1/32	1	990									
109	99	197	198	0.0		0	0	Chord	2/4	2	1	0	grace32	1/32	1	991									
109	99	197	198	0.5		0	0	Chord	2/4	2	1	1/8		1/8	1	992									
109	99	395/2	397/2	0.5		1/8	1/8	Chord	2/4	2	1	1/8		1/8	1	993									
109	99	198	199	0.5		1/4	1/4	Chord	2/4	2	1	1/8		1/8	1	994									
109	99	397/2	399/2	0.5		3/8	3/8	Chord	2/4	2	1	1/8		1/8	1	995									
110	100	199	200	2.0		0	0	Chord	2/4	1	1	1/2		1/2	1	996									
110	100	199	200	0.0		0	0	Chord	2/4	2	1	0	grace32	1/32	1	997									
110	100	199	200	0.0		0	0	Chord	2/4	2	1	0	grace32	1/32	1	998									
110	100	199	200	0.0		0	0	Chord	2/4	2	1	0	grace32	1/32	1	999									
110	100	199	200	0.5		0	0	Chord	2/4	2	1	1/8		1/8	1	1000									
110	100	399/2	401/2	0.5		1/8	1/8	Chord	2/4	2	1	1/8		1/8	1	1001									
110	100	200	201	0.5		1/4	1/4	Chord	2/4	2	1	1/8		1/8	1	1002									
110	100	401/2	403/2	0.5		3/8	3/8	Chord	2/4	2	1	1/8		1/8	1	1003									
111	101	201	202	0.0		0	0	Chord	2/4	1	1	0	grace16	1/16	1	1004									
111	101	201	202	0.5		0	0	Chord	2/4	1	1	1/8		1/8	1	1005									
111	101	403/2	405/2	0.0		1/8	1/8	Chord	2/4	1	1	0	grace16	1/16	1	1006									
111	101	403/2	405/2	0.5		1/8	1/8	Chord	2/4	1	1	1/8		1/8	1	1007									
111	101	202	203	0.0		1/4	1/4	Chord	2/4	1	1	0	grace16	1/16	1	1008									
111	101	202	203	0.5		1/4	1/4	Chord	2/4	1	1	1/8		1/8	1	1009									
111	101	405/2	407/2	0.0		3/8	3/8	Chord	2/4	1	1	0	grace16	1/16	1	1010									
111	101	405/2	407/2	0.5		3/8	3/8	Chord	2/4	1	1	1/8		1/8	1	1011									
111	101	201	202	0.0		0	0	Chord	2/4	2	1	0	grace32	1/32	1	1012									
111	101	201	202	0.0		0	0	Chord	2/4	2	1	0	grace32	1/32	1	1013									
111	101	201	202	0.0		0	0	Chord	2/4	2	1	0	grace32	1/32	1	1014									
111	101	201	202	0.5		0	0	Chord	2/4	2	1	1/8		1/8	1	1015									
111	101	403/2	405/2	0.5		1/8	1/8	Chord	2/4	2	1	1/8		1/8	1	1016									
111	101	202	203	0.5		1/4	1/4	Chord	2/4	2	1	1/8		1/8	1	1017									
111	101	405/2	407/2	0.5		3/8	3/8	Chord	2/4	2	1	1/8		1/8	1	1018									
112	102	203	204	1.5		0	0	Chord	2/4	1	1	3/8		1/4	3/2	1019									19
112	102	409/2	411/2	0.5		3/8	3/8	Chord	2/4	1	1	1/8		1/8	1	1020									
112	102	203	204	2.0		0	0	Chord	2/4	1	2	1/2		1/2	1	1021									
112	102	203	204	0.0		0	0	Chord	2/4	2	1	0	grace32	1/32	1	1022									
112	102	203	204	0.0		0	0	Chord	2/4	2	1	0	grace32	1/32	1	1023									
112	102	203	204	0.0		0	0	Chord	2/4	2	1	0	grace32	1/32	1	1024									
112	102	203	204	0.5		0	0	Chord	2/4	2	1	1/8		1/8	1	1025									
112	102	407/2	409/2	0.5		1/8	1/8	Chord	2/4	2	1	1/8		1/8	1	1026									
112	102	204	205	0.5		1/4	1/4	Chord	2/4	2	1	1/8		1/8	1	1027									
112	102	409/2	411/2	0.5		3/8	3/8	Chord	2/4	2	1	1/8		1/8	1	1028									
113	103	205	206	2.0		0	0	Chord	2/4	1	1	1/2		1/2	1	1029									
113	103	205	206	1.0		0	0	Chord	2/4	1	2	1/4		1/4	1	1030									
113	103	205	206	0.0		0	0	Chord	2/4	2	1	0	grace32	1/32	1	1031									
113	103	205	206	0.0		0	0	Chord	2/4	2	1	0	grace32	1/32	1	1032									
113	103	205	206	0.0		0	0	Chord	2/4	2	1	0	grace32	1/32	1	1033									
113	103	205	206	0.5		0	0	Chord	2/4	2	1	1/8		1/8	1	1034									
113	103	411/2	413/2	0.5		1/8	1/8	Chord	2/4	2	1	1/8		1/8	1	1035									
113	103	206	207	0.5		1/4	1/4	Chord	2/4	2	1	1/8		1/8	1	1036									
113	103	413/2	415/2	0.5		3/8	3/8	Chord	2/4	2	1	1/8		1/8	1	1037									
114	104	207	208	2.0		0	0	Chord	2/4	1	1	1/2		1/2	1	1038									
114	104	207	208	1.0		0	0	Chord	2/4	1	2	1/4		1/4	1	1039									
114	104	207	208	0.0		0	0	Chord	2/4	2	1	0	grace32	1/32	1	1040									
114	104	207	208	0.0		0	0	Chord	2/4	2	1	0	grace32	1/32	1	1041									
114	104	207	208	0.0		0	0	Chord	2/4	2	1	0	grace32	1/32	1	1042									
114	104	207	208	0.5		0	0	Chord	2/4	2	1	1/8		1/8	1	1043									
114	104	415/2	417/2	0.5		1/8	1/8	Chord	2/4	2	1	1/8		1/8	1	1044									
114	104	208	209	0.5		1/4	1/4	Chord	2/4	2	1	1/8		1/8	1	1045									
114	104	417/2	419/2	0.5		3/8	3/8	Chord	2/4	2	1	1/8		1/8	1	1046									
115	105	209	210	0.25		0	0	Chord	2/4	1	1	1/16		1/16	1	1047									20
115	105	837/4	841/4	0.25		1/16	1/16	Chord	2/4	1	1	1/16		1/16	1	1048									
115	105	419/2	421/2	0.25		1/8	1/8	Chord	2/4	1	1	1/16		1/16	1	1049		articStaccatoAbove							
115	105	839/4	843/4	0.25		3/16	3/16	Chord	2/4	1	1	1/16		1/16	1	1050		articStaccatoAbove							
115	105	210	211	0.25		1/4	1/4	Chord	2/4	1	1	1/16		1/16	1	1051									21
115	105	841/4	845/4	0.25		5/16	5/16	Chord	2/4	1	1	1/16		1/16	1	1052									
115	105	421/2	423/2	0.25		3/8	3/8	Chord	2/4	1	1	1/16		1/16	1	1053		articStaccatoAbove							
115	105	843/4	847/4	0.25		7/16	7/16	Chord	2/4	1	1	1/16		1/16	1	1054		articStaccatoAbove							
115	105	209	210	0.0		0	0	Chord	2/4	2	1	0	grace32	1/32	1	1055									
115	105	209	210	0.0		0	0	Chord	2/4	2	1	0	grace32	1/32	1	1056									
115	105	209	210	0.0		0	0	Chord	2/4	2	1	0	grace32	1/32	1	1057									
115	105	209	210	0.5		0	0	Chord	2/4	2	1	1/8		1/8	1	1058									
115	105	419/2	421/2	0.5		1/8	1/8	Chord	2/4	2	1	1/8		1/8	1	1059									
115	105	210	211	0.5		1/4	1/4	Chord	2/4	2	1	1/8		1/8	1	1060									
115	105	421/2	423/2	0.5		3/8	3/8	Chord	2/4	2	1	1/8		1/8	1	1061									
116	106	211	212	2.0		0	0	Chord	2/4	1	1	1/2		1/2	1	1062									
116	106	211	212	0.0		0	0	Chord	2/4	2	1	0	grace32	1/32	1	1063									
116	106	211	212	0.0		0	0	Chord	2/4	2	1	0	grace32	1/32	1	1064									
116	106	211	212	0.0		0	0	Chord	2/4	2	1	0	grace32	1/32	1	1065									
116	106	211	212	0.5		0	0	Chord	2/4	2	1	1/8		1/8	1	1066									
116	106	423/2	425/2	0.5		1/8	1/8	Chord	2/4	2	1	1/8		1/8	1	1067									
116	106	212	213	0.5		1/4	1/4	Chord	2/4	2	1	1/8		1/8	1	1068									
116	106	425/2	427/2	0.5		3/8	3/8	Chord	2/4	2	1	1/8		1/8	1	1069									
117	107	213	214	0.0		0	0	Chord	2/4	1	1	0	grace16	1/16	1	1070									
117	107	213	214	2.0		0	0	Chord	2/4	1	1	1/2		1/2	1	1071									
117	107	213	214	0.0		0	0	Chord	2/4	2	1	0	grace32	1/32	1	1072									
117	107	213	214	0.0		0	0	Chord	2/4	2	1	0	grace32	1/32	1	1073									
117	107	213	214	0.0		0	0	Chord	2/4	2	1	0	grace32	1/32	1	1074									
117	107	213	214	0.5		0	0	Chord	2/4	2	1	1/8		1/8	1	1075									
117	107	427/2	429/2	0.5		1/8	1/8	Chord	2/4	2	1	1/8		1/8	1	1076									
117	107	214	215	0.5		1/4	1/4	Chord	2/4	2	1	1/8		1/8	1	1077									
117	107	429/2	431/2	0.5		3/8	3/8	Chord	2/4	2	1	1/8		1/8	1	1078									
118	108	215	216	0.0		0	0	Chord	2/4	1	1	0	grace16	1/16	1	1079									
118	108	215	216	0.5		0	0	Chord	2/4	1	1	1/8		1/8	1	1080									
118	108	431/2	433/2	0.0		1/8	1/8	Chord	2/4	1	1	0	grace16	1/16	1	1081									
118	108	431/2	433/2	0.5		1/8	1/8	Chord	2/4	1	1	1/8		1/8	1	1082									
118	108	216	217	0.0		1/4	1/4	Chord	2/4	1	1	0	grace16	1/16	1	1083									
118	108	216	217	0.5		1/4	1/4	Chord	2/4	1	1	1/8		1/8	1	1084									
118	108	433/2	435/2	0.0		3/8	3/8	Chord	2/4	1	1	0	grace16	1/16	1	1085									
118	108	433/2	435/2	0.5		3/8	3/8	Chord	2/4	1	1	1/8		1/8	1	1086									
118	108	215	216	0.0		0	0	Chord	2/4	2	1	0	grace32	1/32	1	1087									
118	108	215	216	0.0		0	0	Chord	2/4	2	1	0	grace32	1/32	1	1088									
118	108	215	216	0.0		0	0	Chord	2/4	2	1	0	grace32	1/32	1	1089									
118	108	215	216	0.5		0	0	Chord	2/4	2	1	1/8		1/8	1	1090									
118	108	431/2	433/2	0.5		1/8	1/8	Chord	2/4	2	1	1/8		1/8	1	1091									
118	108	216	217	0.5		1/4	1/4	Chord	2/4	2	1	1/8		1/8	1	1092									
118	108	433/2	435/2	0.5		3/8	3/8	Chord	2/4	2	1	1/8		1/8	1	1093									
119	109	217	218	1.0		0	0	Chord	2/4	1	1	1/4		1/4	1	1094									
119	109	218	219	0.0		1/4	1/4	Dynamic	2/4	1	1	0					p								
119	109	218	219	0.0		1/4	1/4	Chord	2/4	1	1	0	grace32	1/32	1	1095									
119	109	218	219	0.0		1/4	1/4	Chord	2/4	1	1	0	grace32	1/32	1	1096									
119	109	218	219	0.75		1/4	1/4	Chord	2/4	1	1	3/16		1/8	3/2	1097									
119	109	875/4	879/4	0.25		7/16	7/16	Chord	2/4	1	1	1/16		1/16	1	1098									
119	109	217	218	0.0		0	0	Dynamic	2/4	2	1	0					p								
119	109	217	218	0.25		0	0	Chord	2/4	2	1	1/16		1/16	1	1099									
119	109	869/4	873/4	0.25		1/16	1/16	Chord	2/4	2	1	1/16		1/16	1	1100									
119	109	435/2	437/2	0.25		1/8	1/8	Chord	2/4	2	1	1/16		1/16	1	1101									
119	109	871/4	875/4	0.25		3/16	3/16	Chord	2/4	2	1	1/16		1/16	1	1102									
119	109	218	219	0.25		1/4	1/4	Chord	2/4	2	1	1/16		1/16	1	1103									
119	109	873/4	877/4	0.25		5/16	5/16	Chord	2/4	2	1	1/16		1/16	1	1104									
119	109	437/2	439/2	0.25		3/8	3/8	Chord	2/4	2	1	1/16		1/16	1	1105									
119	109	875/4	879/4	0.25		7/16	7/16	Chord	2/4	2	1	1/16		1/16	1	1106									
120	110	219	220	0.0		0	0	Chord	2/4	1	1	0	grace32	1/32	1	1107									
120	110	219	220	0.0		0	0	Chord	2/4	1	1	0	grace32	1/32	1	1108									
120	110	219	220	2.0		0	0	Chord	2/4	1	1	1/2		1/2	1	1109									
120	110	219	220	0.25		0	0	Chord	2/4	2	1	1/16		1/16	1	1110									
120	110	877/4	881/4	0.25		1/16	1/16	Chord	2/4	2	1	1/16		1/16	1	1111									
120	110	439/2	441/2	0.25		1/8	1/8	Chord	2/4	2	1	1/16		1/16	1	1112									
120	110	879/4	883/4	0.25		3/16	3/16	Chord	2/4	2	1	1/16		1/16	1	1113									
120	110	220	221	0.25		1/4	1/4	Chord	2/4	2	1	1/16		1/16	1	1114									
120	110	881/4	885/4	0.25		5/16	5/16	Chord	2/4	2	1	1/16		1/16	1	1115									
120	110	441/2	443/2	0.25		3/8	3/8	Chord	2/4	2	1	1/16		1/16	1	1116									
120	110	883/4	887/4	0.25		7/16	7/16	Chord	2/4	2	1	1/16		1/16	1	1117									
121	111	221	222	0.0		0	0	Chord	2/4	1	1	0	grace32	1/32	1	1118									
121	111	221	222	0.0		0	0	Chord	2/4	1	1	0	grace32	1/32	1	1119									
121	111	221	222	2.0		0	0	Chord	2/4	1	1	1/2		1/2	1	1120									
121	111	221	222	0.25		0	0	Chord	2/4	2	1	1/16		1/16	1	1121									
121	111	885/4	889/4	0.25		1/16	1/16	Chord	2/4	2	1	1/16		1/16	1	1122									
121	111	443/2	445/2	0.25		1/8	1/8	Chord	2/4	2	1	1/16		1/16	1	1123									
121	111	887/4	891/4	0.25		3/16	3/16	Chord	2/4	2	1	1/16		1/16	1	1124									
121	111	222	223	0.25		1/4	1/4	Chord	2/4	2	1	1/16		1/16	1	1125									
121	111	889/4	893/4	0.25		5/16	5/16	Chord	2/4	2	1	1/16		1/16	1	1126									
121	111	445/2	447/2	0.25		3/8	3/8	Chord	2/4	2	1	1/16		1/16	1	1127									
121	111	891/4	895/4	0.25		7/16	7/16	Chord	2/4	2	1	1/16		1/16	1	1128									
122	112	223	224	0.25		0	0	Chord	2/4	1	1	1/16		1/16	1	1129									22
122	112	893/4	897/4	0.25		1/16	1/16	Chord	2/4	1	1	1/16		1/16	1	1130									
122	112	447/2	449/2	0.25		1/8	1/8	Chord	2/4	1	1	1/16		1/16	1	1131		articStaccatoAbove							
122	112	895/4	899/4	0.25		3/16	3/16	Chord	2/4	1	1	1/16		1/16	1	1132		articStaccatoAbove							
122	112	224	225	0.25		1/4	1/4	Chord	2/4	1	1	1/16		1/16	1	1133									23
122	112	897/4	901/4	0.25		5/16	5/16	Chord	2/4	1	1	1/16		1/16	1	1134									
122	112	449/2	451/2	0.25		3/8	3/8	Chord	2/4	1	1	1/16		1/16	1	1135		articStaccatoAbove							
122	112	899/4	903/4	0.25		7/16	7/16	Chord	2/4	1	1	1/16		1/16	1	1136		articStaccatoAbove							
122	112	223	224	0.25		0	0	Chord	2/4	2	1	1/16		1/16	1	1137									
122	112	893/4	897/4	0.25		1/16	1/16	Chord	2/4	2	1	1/16		1/16	1	1138									
122	112	447/2	449/2	0.25		1/8	1/8	Chord	2/4	2	1	1/16		1/16	1	1139									
122	112	895/4	899/4	0.25		3/16	3/16	Chord	2/4	2	1	1/16		1/16	1	1140									
122	112	224	225	0.25		1/4	1/4	Chord	2/4	2	1	1/16		1/16	1	1141									
122	112	897/4	901/4	0.25		5/16	5/16	Chord	2/4	2	1	1/16		1/16	1	1142									
122	112	449/2	451/2	0.25		3/8	3/8	Chord	2/4	2	1	1/16		1/16	1	1143									
122	112	899/4	903/4	0.25		7/16	7/16	Chord	2/4	2	1	1/16		1/16	1	1144									
123	113	225	226	2.0		0	0	Chord	2/4	1	1	1/2		1/2	1	1145									
123	113	225	226	0.25		0	0	Chord	2/4	2	1	1/16		1/16	1	1146									
123	113	901/4	905/4	0.25		1/16	1/16	Chord	2/4	2	1	1/16		1/16	1	1147									
123	113	451/2	453/2	0.25		1/8	1/8	Chord	2/4	2	1	1/16		1/16	1	1148									
123	113	903/4	907/4	0.25		3/16	3/16	Chord	2/4	2	1	1/16		1/16	1	1149									
123	113	226	227	0.25		1/4	1/4	Chord	2/4	2	1	1/16		1/16	1	1150									
123	113	905/4	909/4	0.25		5/16	5/16	Chord	2/4	2	1	1/16		1/16	1	1151									
123	113	453/2	455/2	0.25		3/8	3/8	Chord	2/4	2	1	1/16		1/16	1	1152									
123	113	907/4	911/4	0.25		7/16	7/16	Chord	2/4	2	1	1/16		1/16	1	1153									
124	114	227	228	0.0		0	0	Chord	2/4	1	1	0	grace16	1/16	1	1154									
124	114	227	228	0.5		0	0	Chord	2/4	1	1	1/8		1/8	1	1155									
124	114	455/2	457/2	0.0		1/8	1/8	Chord	2/4	1	1	0	grace16	1/16	1	1156									
124	114	455/2	457/2	0.5		1/8	1/8	Chord	2/4	1	1	1/8		1/8	1	1157									
124	114	228	229	0.0		1/4	1/4	Chord	2/4	1	1	0	grace16	1/16	1	1158									
124	114	228	229	0.5		1/4	1/4	Chord	2/4	1	1	1/8		1/8	1	1159									
124	114	457/2	459/2	0.0		3/8	3/8	Chord	2/4	1	1	0	grace16	1/16	1	1160									
124	114	457/2	459/2	0.5		3/8	3/8	Chord	2/4	1	1	1/8		1/8	1	1161									
124	114	227	228	0.25		0	0	Chord	2/4	2	1	1/16		1/16	1	1162									
124	114	909/4	913/4	0.25		1/16	1/16	Chord	2/4	2	1	1/16		1/16	1	1163									
124	114	455/2	457/2	0.25		1/8	1/8	Chord	2/4	2	1	1/16		1/16	1	1164									
124	114	911/4	915/4	0.25		3/16	3/16	Chord	2/4	2	1	1/16		1/16	1	1165									
124	114	228	229	0.25		1/4	1/4	Chord	2/4	2	1	1/16		1/16	1	1166									
124	114	913/4	917/4	0.25		5/16	5/16	Chord	2/4	2	1	1/16		1/16	1	1167									
124	114	457/2	459/2	0.25		3/8	3/8	Chord	2/4	2	1	1/16		1/16	1	1168									
124	114	915/4	919/4	0.25		7/16	7/16	Chord	2/4	2	1	1/16		1/16	1	1169									
125	115	229	230	1.5		0	0	Chord	2/4	1	1	3/8		1/4	3/2	1170									
125	115	461/2	463/2	0.5		3/8	3/8	Chord	2/4	1	1	1/8		1/8	1	1171									
125	115	229	230	0.25		0	0	Chord	2/4	2	1	1/16		1/16	1	1172									
125	115	917/4	921/4	0.25		1/16	1/16	Chord	2/4	2	1	1/16		1/16	1	1173									
125	115	459/2	461/2	0.25		1/8	1/8	Chord	2/4	2	1	1/16		1/16	1	1174									
125	115	919/4	923/4	0.25		3/16	3/16	Chord	2/4	2	1	1/16		1/16	1	1175									
125	115	230	231	0.25		1/4	1/4	Chord	2/4	2	1	1/16		1/16	1	1176									
125	115	921/4	925/4	0.25		5/16	5/16	Chord	2/4	2	1	1/16		1/16	1	1177									
125	115	461/2	463/2	0.25		3/8	3/8	Chord	2/4	2	1	1/16		1/16	1	1178									
125	115	923/4	927/4	0.25		7/16	7/16	Chord	2/4	2	1	1/16		1/16	1	1179									
126	116	231	232	2.0		0	0	Chord	2/4	1	1	1/2		1/2	1	1180									
126	116	231	232	0.0		0	0	Dynamic	2/4	1	2	0					f								
126	116	231	232	1.0		0	0	Chord	2/4	1	2	1/4		1/4	1	1181									
126	116	231	232	0.0		0	0	Chord	2/4	2	1	0	grace32	1/32	1	1182									
126	116	231	232	0.0		0	0	Chord	2/4	2	1	0	grace32	1/32	1	1183									
126	116	231	232	0.0		0	0	Chord	2/4	2	1	0	grace32	1/32	1	1184									
126	116	231	232	0.5		0	0	Chord	2/4	2	1	1/8		1/8	1	1185									
126	116	463/2	465/2	0.5		1/8	1/8	Chord	2/4	2	1	1/8		1/8	1	1186									
126	116	232	233	0.5		1/4	1/4	Chord	2/4	2	1	1/8		1/8	1	1187									
126	116	465/2	467/2	0.5		3/8	3/8	Chord	2/4	2	1	1/8		1/8	1	1188									
127	117	233	234	2.0		0	0	Chord	2/4	1	1	1/2		1/2	1	1189									
127	117	233	234	1.0		0	0	Chord	2/4	1	2	1/4		1/4	1	1190									
127	117	233	234	0.0		0	0	Chord	2/4	2	1	0	grace32	1/32	1	1191									
127	117	233	234	0.0		0	0	Chord	2/4	2	1	0	grace32	1/32	1	1192									
127	117	233	234	0.0		0	0	Chord	2/4	2	1	0	grace32	1/32	1	1193									
127	117	233	234	0.5		0	0	Chord	2/4	2	1	1/8		1/8	1	1194									
127	117	467/2	469/2	0.5		1/8	1/8	Chord	2/4	2	1	1/8		1/8	1	1195									
127	117	234	235	0.5		1/4	1/4	Chord	2/4	2	1	1/8		1/8	1	1196									
127	117	469/2	471/2	0.5		3/8	3/8	Chord	2/4	2	1	1/8		1/8	1	1197									
128	118	235	236	0.25		0	0	Chord	2/4	1	1	1/16		1/16	1	1198									24
128	118	941/4	945/4	0.25		1/16	1/16	Chord	2/4	1	1	1/16		1/16	1	1199									
128	118	471/2	473/2	0.25		1/8	1/8	Chord	2/4	1	1	1/16		1/16	1	1200		articStaccatoAbove							
128	118	943/4	947/4	0.25		3/16	3/16	Chord	2/4	1	1	1/16		1/16	1	1201		articStaccatoAbove							
128	118	236	237	0.25		1/4	1/4	Chord	2/4	1	1	1/16		1/16	1	1202									25
128	118	945/4	949/4	0.25		5/16	5/16	Chord	2/4	1	1	1/16		1/16	1	1203									
128	118	473/2	475/2	0.25		3/8	3/8	Chord	2/4	1	1	1/16		1/16	1	1204		articStaccatoAbove							
128	118	947/4	951/4	0.25		7/16	7/16	Chord	2/4	1	1	1/16		1/16	1	1205		articStaccatoAbove							
128	118	235	236	0.0		0	0	Chord	2/4	2	1	0	grace32	1/32	1	1206									
128	118	235	236	0.0		0	0	Chord	2/4	2	1	0	grace32	1/32	1	1207									
128	118	235	236	0.0		0	0	Chord	2/4	2	1	0	grace32	1/32	1	1208									
128	118	235	236	0.5		0	0	Chord	2/4	2	1	1/8		1/8	1	1209									
128	118	471/2	473/2	0.5		1/8	1/8	Chord	2/4	2	1	1/8		1/8	1	1210									
128	118	236	237	0.5		1/4	1/4	Chord	2/4	2	1	1/8		1/8	1	1211									
128	118	473/2	475/2	0.5		3/8	3/8	Chord	2/4	2	1	1/8		1/8	1	1212									
129	119	237	238	2.0		0	0	Chord	2/4	1	1	1/2		1/2	1	1213									
129	119	237	238	0.0		0	0	Chord	2/4	2	1	0	grace32	1/32	1	1214									
129	119	237	238	0.0		0	0	Chord	2/4	2	1	0	grace32	1/32	1	1215									
129	119	237	238	0.0		0	0	Chord	2/4	2	1	0	grace32	1/32	1	1216									
129	119	237	238	0.5		0	0	Chord	2/4	2	1	1/8		1/8	1	1217									
129	119	475/2	477/2	0.5		1/8	1/8	Chord	2/4	2	1	1/8		1/8	1	1218									
129	119	238	239	0.5		1/4	1/4	Chord	2/4	2	1	1/8		1/8	1	1219									
129	119	477/2	479/2	0.5		3/8	3/8	Chord	2/4	2	1	1/8		1/8	1	1220									
130	120	239	240	0.0		0	0	Chord	2/4	1	1	0	grace16	1/16	1	1221									
130	120	239	240	2.0		0	0	Chord	2/4	1	1	1/2		1/2	1	1222									
130	120	239	240	0.0		0	0	Chord	2/4	2	1	0	grace32	1/32	1	1223									
130	120	239	240	0.0		0	0	Chord	2/4	2	1	0	grace32	1/32	1	1224									
130	120	239	240	0.0		0	0	Chord	2/4	2	1	0	grace32	1/32	1	1225									
130	120	239	240	0.5		0	0	Chord	2/4	2	1	1/8		1/8	1	1226									
130	120	479/2	481/2	0.5		1/8	1/8	Chord	2/4	2	1	1/8		1/8	1	1227									
130	120	240	241	0.5		1/4	1/4	Chord	2/4	2	1	1/8		1/8	1	1228									
130	120	481/2	483/2	0.5		3/8	3/8	Chord	2/4	2	1	1/8		1/8	1	1229									
131	121	241	242	0.0		0	0	Chord	2/4	1	1	0	grace16	1/16	1	1230									
131	121	241	242	0.5		0	0	Chord	2/4	1	1	1/8		1/8	1	1231									
131	121	483/2	485/2	0.0		1/8	1/8	Chord	2/4	1	1	0	grace16	1/16	1	1232									
131	121	483/2	485/2	0.5		1/8	1/8	Chord	2/4	1	1	1/8		1/8	1	1233									
131	121	242	243	0.0		1/4	1/4	Chord	2/4	1	1	0	grace16	1/16	1	1234									
131	121	242	243	0.5		1/4	1/4	Chord	2/4	1	1	1/8		1/8	1	1235									
131	121	485/2	487/2	0.0		3/8	3/8	Chord	2/4	1	1	0	grace16	1/16	1	1236									
131	121	485/2	487/2	0.5		3/8	3/8	Chord	2/4	1	1	1/8		1/8	1	1237									
131	121	241	242	0.0		0	0	Chord	2/4	2	1	0	grace32	1/32	1	1238									
131	121	241	242	0.0		0	0	Chord	2/4	2	1	0	grace32	1/32	1	1239									
131	121	241	242	0.0		0	0	Chord	2/4	2	1	0	grace32	1/32	1	1240									
131	121	241	242	0.5		0	0	Chord	2/4	2	1	1/8		1/8	1	1241									
131	121	483/2	485/2	0.5		1/8	1/8	Chord	2/4	2	1	1/8		1/8	1	1242									
131	121	242	243	0.5		1/4	1/4	Chord	2/4	2	1	1/8		1/8	1	1243									
131	121	485/2	487/2	0.5		3/8	3/8	Chord	2/4	2	1	1/8		1/8	1	1244									
132	122	243	244	1.5		0	0	Chord	2/4	1	1	3/8		1/4	3/2	1245									
132	122	489/2	491/2	0.5		3/8	3/8	Chord	2/4	1	1	1/8		1/8	1	1246									
132	122	243	244	0.0		0	0	Chord	2/4	2	1	0	grace32	1/32	1	1247									
132	122	243	244	0.0		0	0	Chord	2/4	2	1	0	grace32	1/32	1	1248									
132	122	243	244	0.0		0	0	Chord	2/4	2	1	0	grace32	1/32	1	1249									
132	122	243	244	0.5		0	0	Chord	2/4	2	1	1/8		1/8	1	1250									
132	122	487/2	489/2	0.5		1/8	1/8	Chord	2/4	2	1	1/8		1/8	1	1251									
132	122	244	245	0.5		1/4	1/4	Chord	2/4	2	1	1/8		1/8	1	1252									
132	122	489/2	491/2	0.5		3/8	3/8	Chord	2/4	2	1	1/8		1/8	1	1253									
133	123	245	246	1.5		0	0	Chord	2/4	1	1	3/8		1/4	3/2	1254									
133	123	493/2	495/2	0.5		3/8	3/8	Chord	2/4	1	1	1/8		1/8	1	1255									
133	123	245	246	0.0		0	0	Chord	2/4	2	1	0	grace32	1/32	1	1256									
133	123	245	246	0.0		0	0	Chord	2/4	2	1	0	grace32	1/32	1	1257									
133	123	245	246	0.0		0	0	Chord	2/4	2	1	0	grace32	1/32	1	1258									
133	123	245	246	0.5		0	0	Chord	2/4	2	1	1/8		1/8	1	1259									
133	123	491/2	493/2	0.5		1/8	1/8	Chord	2/4	2	1	1/8		1/8	1	1260									
133	123	246	247	0.5		1/4	1/4	Chord	2/4	2	1	1/8		1/8	1	1261									
133	123	493/2	495/2	0.5		3/8	3/8	Chord	2/4	2	1	1/8		1/8	1	1262									
134	124	247	248	1.5		0	0	Chord	2/4	1	1	3/8		1/4	3/2	1263									
134	124	497/2	499/2	0.5		3/8	3/8	Chord	2/4	1	1	1/8		1/8	1	1264									
134	124	247	248	0.0		0	0	Chord	2/4	2	1	0	grace32	1/32	1	1265									
134	124	247	248	0.0		0	0	Chord	2/4	2	1	0	grace32	1/32	1	1266									
134	124	247	248	0.0		0	0	Chord	2/4	2	1	0	grace32	1/32	1	1267									
134	124	247	248	0.5		0	0	Chord	2/4	2	1	1/8		1/8	1	1268									
134	124	495/2	497/2	0.5		1/8	1/8	Chord	2/4	2	1	1/8		1/8	1	1269									
134	124	248	249	0.5		1/4	1/4	Chord	2/4	2	1	1/8		1/8	1	1270									
134	124	497/2	499/2	0.5		3/8	3/8	Chord	2/4	2	1	1/8		1/8	1	1271									
135	125	249	250	0.5		0	0	Chord	2/4	1	1	1/8		1/8	1	1272									
135	125	499/2	501/2	0.5		1/8	1/8	Chord	2/4	1	1	1/8		1/8	1	1273									
135	125	250	251	0.5		1/4	1/4	Chord	2/4	1	1	1/8		1/8	1	1274									
135	125	501/2	503/2	0.5		3/8	3/8	Chord	2/4	1	1	1/8		1/8	1	1275									
135	125	249	250	0.0		0	0	Chord	2/4	2	1	0	grace32	1/32	1	1276									
135	125	249	250	0.0		0	0	Chord	2/4	2	1	0	grace32	1/32	1	1277									
135	125	249	250	0.0		0	0	Chord	2/4	2	1	0	grace32	1/32	1	1278									
135	125	249	250	0.5		0	0	Chord	2/4	2	1	1/8		1/8	1	1279									
135	125	499/2	501/2	0.5		1/8	1/8	Chord	2/4	2	1	1/8		1/8	1	1280									
135	125	250	251	0.0		1/4	1/4	Chord	2/4	2	1	0	grace32	1/32	1	1281									
135	125	250	251	0.0		1/4	1/4	Chord	2/4	2	1	0	grace32	1/32	1	1282									
135	125	250	251	0.0		1/4	1/4	Chord	2/4	2	1	0	grace32	1/32	1	1283									
135	125	250	251	0.5		1/4	1/4	Chord	2/4	2	1	1/8		1/8	1	1284									
135	125	501/2	503/2	0.5		3/8	3/8	Chord	2/4	2	1	1/8		1/8	1	1285									
136	126	251	252	1.0		0	0	Chord	2/4	1	1	1/4		1/4	1	1286									
136	126	252	253	1.0		1/4	1/4	Chord	2/4	1	1	1/4		1/4	1	1287									
136	126	251	252	1.0		0	0	Chord	2/4	2	1	1/4		1/4	1	1288									
136	126	252	253	1.0		1/4	1/4	Chord	2/4	2	1	1/4		1/4	1	1289									
137	127	253	254	1.0		0	0	Chord	2/4	1	1	1/4		1/4	1	1290									
137	127	253	254	1.0		0	0	Chord	2/4	2	1	1/4		1/4	1	1291									
