mc	mn	quarterbeats	quarterbeats_all_endings	duration_qb	mc_onset	mn_onset	timesig	staff	voice	volta	label	globalkey	localkey	pedal	chord	numeral	form	figbass	changes	relativeroot	cadence	phraseend	chord_type	globalkey_is_minor	localkey_is_minor	chord_tones	added_tones	root	bass_note
1	1	0	0	1.5	0	0	6/8	2	1		A.I{	A	I		I	I						{	M	0	0	0, 4, 1		0	0
1	1	3/2	3/2	1.5	3/8	3/8	6/8	2	1		I6	A	I		I6	I		6					M	0	0	4, 1, 0		0	4
2	2	3	3	1.5	0	0	6/8	2	1		V6	A	I		V6	V		6					M	0	0	5, 2, 1		1	5
2	2	9/2	9/2	1.5	3/8	3/8	6/8	2	1		V43	A	I		V43	V		43					Mm7	0	0	2, -1, 1, 5		1	2
3	3	6	6	1.5	0	0	6/8	2	1		vi7	A	I		vi7	vi		7					mm7	0	0	3, 0, 4, 1		3	3
3	3	15/2	15/2	1.5	3/8	3/8	6/8	2	1		V6	A	I		V6	V		6					M	0	0	5, 2, 1		1	5
4	4	9	9	1.0	0	0	6/8	2	1		I	A	I		I	I							M	0	0	0, 4, 1		0	0
4	4	10	10	0.5	1/4	1/4	6/8	2	1		ii6	A	I		ii6	ii		6					m	0	0	-1, 3, 2		2	-1
4	4	21/2	21/2	1.0	3/8	3/8	6/8	2	1		V(64)}	A	I		V(64)	V			64			}	M	0	0	1, 0, 4		1	1
4	4	23/2	23/2	0.5	5/8	5/8	6/8	2	1		V|HC	A	I		V	V					HC		M	0	0	1, 5, 2		1	1
5	5	12	12	1.5	0	0	6/8	2	1		I{	A	I		I	I						{	M	0	0	0, 4, 1		0	0
5	5	27/2	27/2	1.5	3/8	3/8	6/8	2	1		I6	A	I		I6	I		6					M	0	0	4, 1, 0		0	4
6	6	15	15	1.5	0	0	6/8	2	1		V6	A	I		V6	V		6					M	0	0	5, 2, 1		1	5
6	6	33/2	33/2	1.5	3/8	3/8	6/8	2	1		V43	A	I		V43	V		43					Mm7	0	0	2, -1, 1, 5		1	2
7	7	18	18	1.0	0	0	6/8	2	1		vi7	A	I		vi7	vi		7					mm7	0	0	3, 0, 4, 1		3	3
7	7	19	19	0.5	1/4	1/4	6/8	2	1		V6	A	I		V6	V		6					M	0	0	5, 2, 1		1	5
7	7	39/2	39/2	1.0	3/8	3/8	6/8	2	1		I	A	I		I	I							M	0	0	0, 4, 1		0	0
7	7	41/2	41/2	0.5	5/8	5/8	6/8	2	1		ii6	A	I		ii6	ii		6					m	0	0	-1, 3, 2		2	-1
8	8	21	21	1.0	0	0	6/8	2	1		V(64)	A	I		V(64)	V			64				M	0	0	1, 0, 4		1	1
8	8	22	22	0.5	1/4	1/4	6/8	2	1		V7	A	I		V7	V		7					Mm7	0	0	1, 5, 2, -1		1	1
8	8	45/2	45/2	3.0	3/8	3/8	6/8	2	1		I|PAC}	A	I		I	I					PAC	}	M	0	0	0, 4, 1		0	0
9	9	24	24	0.0	0	0	6/8	2	1		{	A	I									{		0	0				
9	9	51/2	51/2	3.0	3/8	3/8	6/8	2	1		IV64	A	I		IV64	IV		64					M	0	0	0, -1, 3		-1	0
10	10	57/2	57/2	3.0	3/8	3/8	6/8	2	1		I	A	I		I	I							M	0	0	0, 4, 1		0	0
11	11	63/2	63/2	1.5	3/8	3/8	6/8	2	1		V65	A	I		V65	V		65					Mm7	0	0	5, 2, -1, 1		1	5
12	12	33	33	1.0	0	0	6/8	2	1		I	A	I		I	I							M	0	0	0, 4, 1		0	0
12	12	34	34	0.5	1/4	1/4	6/8	2	1		viio6/V	A	I		viio6/V	vii	o	6		V			o	0	0	3, 0, 6		6	3
12	12	69/2	69/2	1.0	3/8	3/8	6/8	2	1		V(64)}	A	I		V(64)	V			64			}	M	0	0	1, 0, 4		1	1
12	12	71/2	71/2	0.5	5/8	5/8	6/8	2	1		V|HC	A	I		V	V					HC		M	0	0	1, 5, 2		1	1
13	13	36	36	1.5	0	0	6/8	2	1		I{	A	I		I	I						{	M	0	0	0, 4, 1		0	0
13	13	75/2	75/2	1.5	3/8	3/8	6/8	2	1		I6	A	I		I6	I		6					M	0	0	4, 1, 0		0	4
14	14	39	39	1.5	0	0	6/8	2	1		V6	A	I		V6	V		6					M	0	0	5, 2, 1		1	5
14	14	81/2	81/2	1.5	3/8	3/8	6/8	2	1		V43	A	I		V43	V		43					Mm7	0	0	2, -1, 1, 5		1	2
15	15	42	42	1.0	0	0	6/8	2	1		vi7	A	I		vi7	vi		7					mm7	0	0	3, 0, 4, 1		3	3
15	15	43	43	0.5	1/4	1/4	6/8	2	1		V6	A	I		V6	V		6					M	0	0	5, 2, 1		1	5
15	15	87/2	87/2	1.0	3/8	3/8	6/8	2	1		I	A	I		I	I							M	0	0	0, 4, 1		0	0
15	15	89/2	89/2	0.5	5/8	5/8	6/8	2	1		ii6	A	I		ii6	ii		6					m	0	0	-1, 3, 2		2	-1
16	16	45	45	1.0	0	0	6/8	2	1		V(64)	A	I		V(64)	V			64				M	0	0	1, 0, 4		1	1
16	16	46	46	0.5	1/4	1/4	6/8	2	1		V	A	I		V	V							M	0	0	1, 5, 2		1	1
16	16	93/2	93/2	1.0	3/8	3/8	6/8	2	1		I(97)}	A	I		I(97)	I			97			}	M	0	0	0, 4, 1	2, 5	0	0
16	16	95/2	95/2	1.5	5/8	5/8	6/8	2	1		I|IAC	A	I		I	I					IAC		M	0	0	0, 4, 1		0	0
17	17	48	48	0.0	0	0	6/8	2	1		{	A	I									{		0	0				
17	17	49	49	0.5	1/4	1/4	6/8	2	1		V43	A	I		V43	V		43					Mm7	0	0	2, -1, 1, 5		1	2
17	17	99/2	99/2	1.0	3/8	3/8	6/8	2	1		I6	A	I		I6	I		6					M	0	0	4, 1, 0		0	4
17	17	101/2	101/2	0.5	5/8	5/8	6/8	2	1		IV	A	I		IV	IV							M	0	0	-1, 3, 0		-1	-1
18	18	51	51	1.0	0	0	6/8	2	1		V(64)	A	I		V(64)	V			64				M	0	0	1, 0, 4		1	1
18	18	52	52	0.5	1/4	1/4	6/8	2	1		V7	A	I		V7	V		7					Mm7	0	0	1, 5, 2, -1		1	1
18	18	105/2	105/2	3.0	3/8	3/8	6/8	2	1		I|PAC}	A	I		I	I					PAC	}	M	0	0	0, 4, 1		0	0
19	19	54	54	0.0	0	0	6/8	2	1		{	A	I									{		0	0				
19	19	111/2	111/2	1.5	3/8	3/8	6/8	2	1		I6	A	I		I6	I		6					M	0	0	4, 1, 0		0	4
20	20	57	57	1.5	0	0	6/8	2	1		V6	A	I		V6	V		6					M	0	0	5, 2, 1		1	5
20	20	117/2	117/2	1.5	3/8	3/8	6/8	2	1		V43	A	I		V43	V		43					Mm7	0	0	2, -1, 1, 5		1	2
21	21	60	60	1.5	0	0	6/8	2	1		vi7	A	I		vi7	vi		7					mm7	0	0	3, 0, 4, 1		3	3
21	21	123/2	123/2	1.5	3/8	3/8	6/8	2	1		V6	A	I		V6	V		6					M	0	0	5, 2, 1		1	5
22	22	63	63	1.0	0	0	6/8	2	1		I	A	I		I	I							M	0	0	0, 4, 1		0	0
22	22	64	64	0.5	1/4	1/4	6/8	2	1		ii6	A	I		ii6	ii		6					m	0	0	-1, 3, 2		2	-1
22	22	129/2	129/2	1.5	3/8	3/8	6/8	2	1		V|HC}	A	I		V	V					HC	}	M	0	0	1, 5, 2		1	1
23	23	66	66	3.0	0	0	6/8	2	1		I{	A	I		I	I						{	M	0	0	0, 4, 1		0	0
24	24	69	69	1.0	0	0	6/8	2	1		V	A	I		V	V							M	0	0	1, 5, 2		1	1
24	24	70	70	1.0	1/4	1/4	6/8	2	1		V(64)	A	I		V(64)	V			64				M	0	0	1, 0, 4		1	1
24	24	71	71	1.0	1/2	1/2	6/8	2	1		V7	A	I		V7	V		7					Mm7	0	0	1, 5, 2, -1		1	1
25	25	72	72	1.0	0	0	6/8	2	1		vi	A	I		vi	vi							m	0	0	3, 0, 4		3	3
25	25	73	73	0.5	1/4	1/4	6/8	2	1		V6	A	I		V6	V		6					M	0	0	5, 2, 1		1	5
25	25	147/2	147/2	1.0	3/8	3/8	6/8	2	1		I	A	I		I	I							M	0	0	0, 4, 1		0	0
25	25	149/2	149/2	0.5	5/8	5/8	6/8	2	1		ii6	A	I		ii6	ii		6					m	0	0	-1, 3, 2		2	-1
26	26	75	75	1.0	0	0	6/8	2	1		V(64)	A	I		V(64)	V			64				M	0	0	1, 0, 4		1	1
26	26	76	76	0.5	1/4	1/4	6/8	2	1		V7	A	I		V7	V		7					Mm7	0	0	1, 5, 2, -1		1	1
26	26	153/2	153/2	3.0	3/8	3/8	6/8	2	1		I|PAC}	A	I		I	I					PAC	}	M	0	0	0, 4, 1		0	0
27	27	78	78	0.0	0	0	6/8	2	1		{	A	I									{		0	0				
27	27	159/2	159/2	3.0	3/8	3/8	6/8	2	1		IV64	A	I		IV64	IV		64					M	0	0	0, -1, 3		-1	0
28	28	165/2	165/2	3.0	3/8	3/8	6/8	2	1		I	A	I		I	I							M	0	0	0, 4, 1		0	0
29	29	171/2	171/2	1.5	3/8	3/8	6/8	2	1		V43	A	I		V43	V		43					Mm7	0	0	2, -1, 1, 5		1	2
30	30	87	87	1.0	0	0	6/8	2	1		I6	A	I		I6	I		6					M	0	0	4, 1, 0		0	4
30	30	88	88	0.5	1/4	1/4	6/8	2	1		vii%7/V	A	I		vii%7/V	vii	%	7		V			%7	0	0	6, 3, 0, 4		6	6
30	30	177/2	177/2	1.0	3/8	3/8	6/8	2	1		V(64)}	A	I		V(64)	V			64			}	M	0	0	1, 0, 4		1	1
30	30	179/2	179/2	0.5	5/8	5/8	6/8	2	1		V|HC	A	I		V	V					HC		M	0	0	1, 5, 2		1	1
31	31	90	90	1.5	0	0	6/8	2	1		I{	A	I		I	I						{	M	0	0	0, 4, 1		0	0
31	31	183/2	183/2	1.5	3/8	3/8	6/8	2	1		I6	A	I		I6	I		6					M	0	0	4, 1, 0		0	4
32	32	93	93	1.5	0	0	6/8	2	1		V6	A	I		V6	V		6					M	0	0	5, 2, 1		1	5
32	32	189/2	189/2	1.5	3/8	3/8	6/8	2	1		V43	A	I		V43	V		43					Mm7	0	0	2, -1, 1, 5		1	2
33	33	96	96	1.0	0	0	6/8	2	1		vi7	A	I		vi7	vi		7					mm7	0	0	3, 0, 4, 1		3	3
33	33	97	97	0.5	1/4	1/4	6/8	2	1		V6	A	I		V6	V		6					M	0	0	5, 2, 1		1	5
33	33	195/2	195/2	1.0	3/8	3/8	6/8	2	1		I	A	I		I	I							M	0	0	0, 4, 1		0	0
33	33	197/2	197/2	0.5	5/8	5/8	6/8	2	1		ii6	A	I		ii6	ii		6					m	0	0	-1, 3, 2		2	-1
34	34	99	99	1.0	0	0	6/8	2	1		V(64)	A	I		V(64)	V			64				M	0	0	1, 0, 4		1	1
34	34	100	100	0.5	1/4	1/4	6/8	2	1		V7	A	I		V7	V		7					Mm7	0	0	1, 5, 2, -1		1	1
34	34	201/2	201/2	1.0	3/8	3/8	6/8	2	1		I(97)}	A	I		I(97)	I			97			}	M	0	0	0, 4, 1	2, 5	0	0
34	34	203/2	203/2	1.5	5/8	5/8	6/8	2	1		I|IAC	A	I		I	I					IAC		M	0	0	0, 4, 1		0	0
35	35	102	102	0.0	0	0	6/8	2	1		{	A	I									{		0	0				
35	35	103	103	0.5	1/4	1/4	6/8	2	1		V43	A	I		V43	V		43					Mm7	0	0	2, -1, 1, 5		1	2
35	35	207/2	207/2	1.0	3/8	3/8	6/8	2	1		I6	A	I		I6	I		6					M	0	0	4, 1, 0		0	4
35	35	209/2	209/2	0.5	5/8	5/8	6/8	2	1		IV	A	I		IV	IV							M	0	0	-1, 3, 0		-1	-1
36	36	105	105	1.0	0	0	6/8	2	1		V(64)	A	I		V(64)	V			64				M	0	0	1, 0, 4		1	1
36	36	106	106	0.5	1/4	1/4	6/8	2	1		V7	A	I		V7	V		7					Mm7	0	0	1, 5, 2, -1		1	1
36	36	213/2	213/2	2.5	3/8	3/8	6/8	2	1		I|PAC}	A	I		I	I					PAC	}	M	0	0	0, 4, 1		0	0
37	37	108	108	0.0	0	0	6/8	2	1		{	A	I									{		0	0				
37	37	109	109	0.5	1/4	1/4	6/8	2	1		V43	A	I		V43	V		43					Mm7	0	0	2, -1, 1, 5		1	2
37	37	219/2	219/2	1.0	3/8	3/8	6/8	2	1		I6	A	I		I6	I		6					M	0	0	4, 1, 0		0	4
37	37	221/2	221/2	0.5	5/8	5/8	6/8	2	1		I	A	I		I	I							M	0	0	0, 4, 1		0	0
38	38	111	111	1.0	0	0	6/8	2	1		V6	A	I		V6	V		6					M	0	0	5, 2, 1		1	5
38	38	112	112	0.5	1/4	1/4	6/8	2	1		I	A	I		I	I							M	0	0	0, 4, 1		0	0
38	38	225/2	225/2	1.0	3/8	3/8	6/8	2	1		V43	A	I		V43	V		43					Mm7	0	0	2, -1, 1, 5		1	2
38	38	227/2	227/2	0.5	5/8	5/8	6/8	2	1		V65	A	I		V65	V		65					Mm7	0	0	5, 2, -1, 1		1	5
39	39	114	114	1.5	0	0	6/8	2	1		vi7	A	I		vi7	vi		7					mm7	0	0	3, 0, 4, 1		3	3
39	39	231/2	231/2	1.5	3/8	3/8	6/8	2	1		V65	A	I		V65	V		65					Mm7	0	0	5, 2, -1, 1		1	5
40	40	117	117	1.0	0	0	6/8	2	1		I	A	I		I	I							M	0	0	0, 4, 1		0	0
40	40	118	118	0.5	1/4	1/4	6/8	2	1		ii6	A	I		ii6	ii		6					m	0	0	-1, 3, 2		2	-1
40	40	237/2	237/2	1.0	3/8	3/8	6/8	2	1		V(64)}	A	I		V(64)	V			64			}	M	0	0	1, 0, 4		1	1
40	40	239/2	239/2	0.5	5/8	5/8	6/8	2	1		V|HC	A	I		V	V					HC		M	0	0	1, 5, 2		1	1
41	41	120	120	3.0	0	0	6/8	2	1		I{	A	I		I	I						{	M	0	0	0, 4, 1		0	0
42	42	123	123	1.5	0	0	6/8	2	1		V	A	I		V	V							M	0	0	1, 5, 2		1	1
42	42	249/2	249/2	1.5	3/8	3/8	6/8	2	1		V7	A	I		V7	V		7					Mm7	0	0	1, 5, 2, -1		1	1
43	43	126	126	1.0	0	0	6/8	2	1		vi7	A	I		vi7	vi		7					mm7	0	0	3, 0, 4, 1		3	3
43	43	127	127	0.5	1/4	1/4	6/8	2	1		V65	A	I		V65	V		65					Mm7	0	0	5, 2, -1, 1		1	5
43	43	255/2	255/2	1.0	3/8	3/8	6/8	2	1		I	A	I		I	I							M	0	0	0, 4, 1		0	0
43	43	257/2	257/2	0.5	5/8	5/8	6/8	2	1		ii6	A	I		ii6	ii		6					m	0	0	-1, 3, 2		2	-1
44	44	129	129	1.0	0	0	6/8	2	1		V(64)	A	I		V(64)	V			64				M	0	0	1, 0, 4		1	1
44	44	130	130	0.5	1/4	1/4	6/8	2	1		V7	A	I		V7	V		7					Mm7	0	0	1, 5, 2, -1		1	1
44	44	261/2	261/2	3.0	3/8	3/8	6/8	2	1		I|PAC}	A	I		I	I					PAC	}	M	0	0	0, 4, 1		0	0
45	45	132	132	0.0	0	0	6/8	2	1		{	A	I									{		0	0				
45	45	267/2	267/2	3.0	3/8	3/8	6/8	2	1		IV64	A	I		IV64	IV		64					M	0	0	0, -1, 3		-1	0
46	46	273/2	273/2	3.0	3/8	3/8	6/8	2	1		I	A	I		I	I							M	0	0	0, 4, 1		0	0
47	47	279/2	279/2	1.5	3/8	3/8	6/8	2	1		V43	A	I		V43	V		43					Mm7	0	0	2, -1, 1, 5		1	2
48	48	141	141	1.0	0	0	6/8	2	1		I	A	I		I	I							M	0	0	0, 4, 1		0	0
48	48	142	142	0.5	1/4	1/4	6/8	2	1		viio6/V	A	I		viio6/V	vii	o	6		V			o	0	0	3, 0, 6		6	3
48	48	285/2	285/2	1.0	3/8	3/8	6/8	2	1		V(64)}	A	I		V(64)	V			64			}	M	0	0	1, 0, 4		1	1
48	48	287/2	287/2	0.5	5/8	5/8	6/8	2	1		V|HC	A	I		V	V					HC		M	0	0	1, 5, 2		1	1
49	49	144	144	1.0	0	0	6/8	2	1		I{	A	I		I	I						{	M	0	0	0, 4, 1		0	0
49	49	145	145	0.5	1/4	1/4	6/8	2	1		V43	A	I		V43	V		43					Mm7	0	0	2, -1, 1, 5		1	2
49	49	291/2	291/2	1.0	3/8	3/8	6/8	2	1		I6	A	I		I6	I		6					M	0	0	4, 1, 0		0	4
49	49	293/2	293/2	0.5	5/8	5/8	6/8	2	1		I	A	I		I	I							M	0	0	0, 4, 1		0	0
50	50	147	147	1.0	0	0	6/8	2	1		V6	A	I		V6	V		6					M	0	0	5, 2, 1		1	5
50	50	148	148	0.5	1/4	1/4	6/8	2	1		I	A	I		I	I							M	0	0	0, 4, 1		0	0
50	50	297/2	297/2	1.0	3/8	3/8	6/8	2	1		V43	A	I		V43	V		43					Mm7	0	0	2, -1, 1, 5		1	2
50	50	299/2	299/2	0.5	5/8	5/8	6/8	2	1		V65	A	I		V65	V		65					Mm7	0	0	5, 2, -1, 1		1	5
51	51	150	150	1.0	0	0	6/8	2	1		vi7	A	I		vi7	vi		7					mm7	0	0	3, 0, 4, 1		3	3
51	51	151	151	0.5	1/4	1/4	6/8	2	1		V65	A	I		V65	V		65					Mm7	0	0	5, 2, -1, 1		1	5
51	51	303/2	303/2	1.0	3/8	3/8	6/8	2	1		I	A	I		I	I							M	0	0	0, 4, 1		0	0
51	51	305/2	305/2	0.5	5/8	5/8	6/8	2	1		ii6	A	I		ii6	ii		6					m	0	0	-1, 3, 2		2	-1
52	52	153	153	1.0	0	0	6/8	2	1		V(64)	A	I		V(64)	V			64				M	0	0	1, 0, 4		1	1
52	52	154	154	0.5	1/4	1/4	6/8	2	1		V7	A	I		V7	V		7					Mm7	0	0	1, 5, 2, -1		1	1
52	52	309/2	309/2	1.0	3/8	3/8	6/8	2	1		I(974)}	A	I		I(974)	I			974			}	M	0	0	0, -1, 1	2, 5	0	0
52	52	311/2	311/2	1.5	5/8	5/8	6/8	2	1		I|IAC	A	I		I	I					IAC		M	0	0	0, 4, 1		0	0
53	53	156	156	0.0	0	0	6/8	2	1		{	A	I									{		0	0				
53	53	157	157	0.5	1/4	1/4	6/8	2	1		V43	A	I		V43	V		43					Mm7	0	0	2, -1, 1, 5		1	2
53	53	315/2	315/2	1.0	3/8	3/8	6/8	2	1		I6	A	I		I6	I		6					M	0	0	4, 1, 0		0	4
53	53	317/2	317/2	0.5	5/8	5/8	6/8	2	1		ii65	A	I		ii65	ii		65					mm7	0	0	-1, 3, 0, 2		2	-1
54	54	159	159	1.0	0	0	6/8	2	1		V(64)	A	I		V(64)	V			64				M	0	0	1, 0, 4		1	1
54	54	160	160	0.5	1/4	1/4	6/8	2	1		V7	A	I		V7	V		7					Mm7	0	0	1, 5, 2, -1		1	1
54	54	321/2	321/2	1.5	3/8	3/8	6/8	2	1		I|PAC}	A	I		I	I					PAC	}	M	0	0	0, 4, 1		0	0
55	55	162	162	3.0	0	0	6/8	2	1		i.i{	A	i		i	i						{	m	0	1	0, -3, 1		0	0
56	56	165	165	1.5	0	0	6/8	2	1		V	A	i		V	V							M	0	1	1, 5, 2		1	1
56	56	333/2	333/2	1.5	3/8	3/8	6/8	2	1		V7	A	i		V7	V		7					Mm7	0	1	1, 5, 2, -1		1	1
57	57	168	168	1.5	0	0	6/8	2	1		i	A	i		i	i							m	0	1	0, -3, 1		0	0
57	57	339/2	339/2	1.5	3/8	3/8	6/8	2	1		V43	A	i		V43	V		43					Mm7	0	1	2, -1, 1, 5		1	2
58	58	171	171	0.5	0	0	6/8	2	1		i6	A	i		i6	i		6					m	0	1	-3, 1, 0		0	-3
58	58	343/2	343/2	0.5	1/8	1/8	6/8	2	1		V64	A	i		V64	V		64					M	0	1	2, 1, 5		1	2
58	58	172	172	0.5	1/4	1/4	6/8	2	1		i	A	i		i	i							m	0	1	0, -3, 1		0	0
58	58	345/2	345/2	1.0	3/8	3/8	6/8	2	1		V(64)}	A	i		V(64)	V			64			}	M	0	1	1, 0, -3		1	1
58	58	347/2	347/2	0.5	5/8	5/8	6/8	2	1		V|HC	A	i		V	V					HC		M	0	1	1, 5, 2		1	1
59	59	174	174	3.0	0	0	6/8	2	1		i{	A	i		i	i						{	m	0	1	0, -3, 1		0	0
60	60	177	177	1.5	0	0	6/8	2	1		V	A	i		V	V							M	0	1	1, 5, 2		1	1
60	60	357/2	357/2	1.5	3/8	3/8	6/8	2	1		V7	A	i		V7	V		7					Mm7	0	1	1, 5, 2, -1		1	1
61	61	180	180	1.0	0	0	6/8	2	1		i	A	i		i	i							m	0	1	0, -3, 1		0	0
61	61	181	181	0.5	1/4	1/4	6/8	2	1		V65	A	i		V65	V		65					Mm7	0	1	5, 2, -1, 1		1	5
61	61	363/2	363/2	1.0	3/8	3/8	6/8	2	1		i	A	i		i	i							m	0	1	0, -3, 1		0	0
61	61	365/2	365/2	0.5	5/8	5/8	6/8	2	1		iv6	A	i		iv6	iv		6					m	0	1	-4, 0, -1		-1	-4
62	62	183	183	1.0	0	0	6/8	2	1		V(64)	A	i		V(64)	V			64				M	0	1	1, 0, -3		1	1
62	62	184	184	0.5	1/4	1/4	6/8	2	1		V	A	i		V	V							M	0	1	1, 5, 2		1	1
62	62	369/2	369/2	2.5	3/8	3/8	6/8	2	1		i|PAC}	A	i		i	i					PAC	}	m	0	1	0, -3, 1		0	0
63	63	186	186	0.0	0	0	6/8	2	1		{	A	i									{		0	1				
63	63	187	187	0.5	1/4	1/4	6/8	2	1		V7/iv	A	i		V7/iv	V		7		iv			Mm7	0	1	0, 4, 1, -2		0	0
63	63	375/2	375/2	3.0	3/8	3/8	6/8	2	1		iv64	A	i		iv64	iv		64					m	0	1	0, -1, -4		-1	0
64	64	381/2	381/2	3.0	3/8	3/8	6/8	2	1		i	A	i		i	i							m	0	1	0, -3, 1		0	0
65	65	387/2	387/2	1.0	3/8	3/8	6/8	2	1		#viio7	A	i		#viio7	#vii	o	7					o7	0	1	5, 2, -1, -4		5	5
65	65	389/2	389/2	0.5	5/8	5/8	6/8	2	1		#viio43	A	i		#viio43	#vii	o	43					o7	0	1	-1, -4, 5, 2		5	-1
66	66	195	195	0.5	0	0	6/8	2	1		i6	A	i		i6	i		6					m	0	1	-3, 1, 0		0	-3
66	66	391/2	391/2	0.5	1/8	1/8	6/8	2	1		V6	A	i		V6	V		6					M	0	1	5, 2, 1		1	5
66	66	196	196	0.5	1/4	1/4	6/8	2	1		i	A	i		i	i							m	0	1	0, -3, 1		0	0
66	66	393/2	393/2	1.0	3/8	3/8	6/8	2	1		viio7/V	A	i		viio7/V	vii	o	7		V			o7	0	1	6, 3, 0, -3		6	6
66	66	395/2	395/2	0.5	5/8	5/8	6/8	2	1		V|HC}	A	i		V	V					HC	}	M	0	1	1, 5, 2		1	1
67	67	198	198	3.0	0	0	6/8	2	1		i{	A	i		i	i						{	m	0	1	0, -3, 1		0	0
68	68	201	201	1.5	0	0	6/8	2	1		V	A	i		V	V							M	0	1	1, 5, 2		1	1
68	68	405/2	405/2	1.5	3/8	3/8	6/8	2	1		V7	A	i		V7	V		7					Mm7	0	1	1, 5, 2, -1		1	1
69	69	204	204	1.0	0	0	6/8	2	1		i	A	i		i	i							m	0	1	0, -3, 1		0	0
69	69	205	205	0.5	1/4	1/4	6/8	2	1		V65	A	i		V65	V		65					Mm7	0	1	5, 2, -1, 1		1	5
69	69	411/2	411/2	1.0	3/8	3/8	6/8	2	1		i	A	i		i	i							m	0	1	0, -3, 1		0	0
69	69	413/2	413/2	0.5	5/8	5/8	6/8	2	1		iv6	A	i		iv6	iv		6					m	0	1	-4, 0, -1		-1	-4
70	70	207	207	1.0	0	0	6/8	2	1		V(64)	A	i		V(64)	V			64				M	0	1	1, 0, -3		1	1
70	70	208	208	0.5	1/4	1/4	6/8	2	1		V	A	i		V	V							M	0	1	1, 5, 2		1	1
70	70	417/2	417/2	2.5	3/8	3/8	6/8	2	1		i|PAC}	A	i		i	i					PAC	}	m	0	1	0, -3, 1		0	0
71	71	210	210	0.0	0	0	6/8	2	1		{	A	i									{		0	1				
71	71	211	211	0.5	1/4	1/4	6/8	2	1		V65	A	i		V65	V		65					Mm7	0	1	5, 2, -1, 1		1	5
71	71	423/2	423/2	1.0	3/8	3/8	6/8	2	1		i	A	i		i	i							m	0	1	0, -3, 1		0	0
71	71	425/2	425/2	0.5	5/8	5/8	6/8	2	1		iv6	A	i		iv6	iv		6					m	0	1	-4, 0, -1		-1	-4
72	72	213	213	1.0	0	0	6/8	2	1		V(64)	A	i		V(64)	V			64				M	0	1	1, 0, -3		1	1
72	72	214	214	0.5	1/4	1/4	6/8	2	1		V	A	i		V	V							M	0	1	1, 5, 2		1	1
72	72	429/2	429/2	1.5	3/8	3/8	6/8	2	1		i|PAC}	A	i		i	i					PAC	}	m	0	1	0, -3, 1		0	0
73	73	216	216	3.0	0	0	6/8	2	1		I.I{	A	I		I	I						{	M	0	0	0, 4, 1		0	0
74	74	219	219	1.5	0	0	6/8	2	1		V	A	I		V	V							M	0	0	1, 5, 2		1	1
74	74	441/2	441/2	1.5	3/8	3/8	6/8	2	1		V7	A	I		V7	V		7					Mm7	0	0	1, 5, 2, -1		1	1
75	75	222	222	1.5	0	0	6/8	2	1		I	A	I		I	I							M	0	0	0, 4, 1		0	0
75	75	447/2	447/2	1.5	3/8	3/8	6/8	2	1		V	A	I		V	V							M	0	0	1, 5, 2		1	1
76	76	225	225	1.5	0	0	6/8	2	1		V(64)}	A	I		V(64)	V			64			}	M	0	0	1, 0, 4		1	1
76	76	453/2	453/2	1.5	3/8	3/8	6/8	2	1		V|HC	A	I		V	V					HC		M	0	0	1, 5, 2		1	1
77	77	228	228	3.0	0	0	6/8	2	1		I{	A	I		I	I						{	M	0	0	0, 4, 1		0	0
78	78	231	231	1.5	0	0	6/8	2	1		V	A	I		V	V							M	0	0	1, 5, 2		1	1
78	78	465/2	465/2	1.5	3/8	3/8	6/8	2	1		V7	A	I		V7	V		7					Mm7	0	0	1, 5, 2, -1		1	1
79	79	234	234	1.0	0	0	6/8	2	1		I	A	I		I	I							M	0	0	0, 4, 1		0	0
79	79	235	235	0.5	1/4	1/4	6/8	2	1		V	A	I		V	V							M	0	0	1, 5, 2		1	1
79	79	471/2	471/2	0.5	3/8	3/8	6/8	2	1		I	A	I		I	I							M	0	0	0, 4, 1		0	0
79	79	236	236	0.5	1/2	1/2	6/8	2	1		vi	A	I		vi	vi							m	0	0	3, 0, 4		3	3
79	79	473/2	473/2	0.5	5/8	5/8	6/8	2	1		ii6	A	I		ii6	ii		6					m	0	0	-1, 3, 2		2	-1
80	80	237	237	1.0	0	0	6/8	2	1		V(64)	A	I		V(64)	V			64				M	0	0	1, 0, 4		1	1
80	80	238	238	0.5	1/4	1/4	6/8	2	1		V	A	I		V	V							M	0	0	1, 5, 2		1	1
80	80	477/2	477/2	3.0	3/8	3/8	6/8	2	1		I|PAC}	A	I		I	I					PAC	}	M	0	0	0, 4, 1		0	0
81	81	240	240	0.0	0	0	6/8	2	1		{	A	I									{		0	0				
81	81	483/2	483/2	3.0	3/8	3/8	6/8	2	1		IV64	A	I		IV64	IV		64					M	0	0	0, -1, 3		-1	0
82	82	489/2	489/2	3.0	3/8	3/8	6/8	2	1		I	A	I		I	I							M	0	0	0, 4, 1		0	0
83	83	495/2	495/2	1.5	3/8	3/8	6/8	2	1		viio6	A	I		viio6	vii	o	6					o	0	0	2, -1, 5		5	2
84	84	249	249	0.5	0	0	6/8	2	1		I6	A	I		I6	I		6					M	0	0	4, 1, 0		0	4
84	84	499/2	499/2	0.5	1/8	1/8	6/8	2	1		viio6	A	I		viio6	vii	o	6					o	0	0	2, -1, 5		5	2
84	84	250	250	0.5	1/4	1/4	6/8	2	1		vii%43/V	A	I		vii%43/V	vii	%	43		V			%7	0	0	0, 4, 6, 3		6	0
84	84	501/2	501/2	1.0	3/8	3/8	6/8	2	1		V(64)}	A	I		V(64)	V			64			}	M	0	0	1, 0, 4		1	1
84	84	503/2	503/2	0.5	5/8	5/8	6/8	2	1		V|HC	A	I		V	V					HC		M	0	0	1, 5, 2		1	1
85	85	252	252	3.0	0	0	6/8	2	1		I{	A	I		I	I						{	M	0	0	0, 4, 1		0	0
86	86	255	255	1.5	0	0	6/8	2	1		V	A	I		V	V							M	0	0	1, 5, 2		1	1
86	86	513/2	513/2	1.5	3/8	3/8	6/8	2	1		V7	A	I		V7	V		7					Mm7	0	0	1, 5, 2, -1		1	1
87	87	258	258	1.0	0	0	6/8	2	1		I	A	I		I	I							M	0	0	0, 4, 1		0	0
87	87	259	259	0.5	1/4	1/4	6/8	2	1		V	A	I		V	V							M	0	0	1, 5, 2		1	1
87	87	519/2	519/2	0.5	3/8	3/8	6/8	2	1		I	A	I		I	I							M	0	0	0, 4, 1		0	0
87	87	260	260	0.5	1/2	1/2	6/8	2	1		vi	A	I		vi	vi							m	0	0	3, 0, 4		3	3
87	87	521/2	521/2	0.5	5/8	5/8	6/8	2	1		ii6	A	I		ii6	ii		6					m	0	0	-1, 3, 2		2	-1
88	88	261	261	1.0	0	0	6/8	2	1		V(64)	A	I		V(64)	V			64				M	0	0	1, 0, 4		1	1
88	88	262	262	1.5	1/4	1/4	6/8	2	1		V|HC	A	I		V	V					HC		M	0	0	1, 5, 2		1	1
88	88	527/2	527/2	0.5	5/8	5/8	6/8	2	1		V(64)	A	I		V(64)	V			64				M	0	0	1, 0, 4		1	1
89	89	264	264	1.0	0	0	6/8	2	1		I	A	I		I	I							M	0	0	0, 4, 1		0	0
89	89	265	265	0.5	1/4	1/4	6/8	2	1		V7	A	I		V7	V		7					Mm7	0	0	1, 5, 2, -1		1	1
89	89	531/2	531/2	1.0	3/8	3/8	6/8	2	1		I	A	I		I	I							M	0	0	0, 4, 1		0	0
89	89	533/2	533/2	0.5	5/8	5/8	6/8	2	1		IV	A	I		IV	IV							M	0	0	-1, 3, 0		-1	-1
90	90	267	267	1.0	0	0	6/8	2	1		V(64)	A	I		V(64)	V			64				M	0	0	1, 0, 4		1	1
90	90	268	268	0.5	1/4	1/4	6/8	2	1		V	A	I		V	V							M	0	0	1, 5, 2		1	1
90	90	537/2	537/2	2.75	3/8	3/8	6/8	2	1		I|PAC}	A	I		I	I					PAC	}	M	0	0	0, 4, 1		0	0
91	91	270	270	0.0	0	0	6/8	2	1		{	A	I									{		0	0				
91	91	1085/4	1085/4	0.25	5/16	5/16	6/8	2	1		V43	A	I		V43	V		43					Mm7	0	0	2, -1, 1, 5		1	2
91	91	543/2	543/2	1.5	3/8	3/8	6/8	2	1		I	A	I		I	I							M	0	0	0, 4, 1		0	0
92	92	273	273	1.25	0	0	6/8	2	1		V6	A	I		V6	V		6					M	0	0	5, 2, 1		1	5
92	92	1097/4	1097/4	0.25	5/16	5/16	6/8	2	1		I	A	I		I	I							M	0	0	0, 4, 1		0	0
92	92	549/2	549/2	0.5	3/8	3/8	6/8	2	1		#viio/ii	A	I		#viio/ii	#vii	o			ii			o	0	0	7, 4, 1		7	7
92	92	275	275	0.5	1/2	1/2	6/8	2	1		V43	A	I		V43	V		43					Mm7	0	0	2, -1, 1, 5		1	2
92	92	551/2	551/2	0.5	5/8	5/8	6/8	2	1		V	A	I		V	V							M	0	0	1, 5, 2		1	1
93	93	276	276	1.5	0	0	6/8	2	1		vi7	A	I		vi7	vi		7					mm7	0	0	3, 0, 4, 1		3	3
93	93	555/2	555/2	1.5	3/8	3/8	6/8	2	1		V6	A	I		V6	V		6					M	0	0	5, 2, 1		1	5
94	94	279	279	0.5	0	0	6/8	2	1		I	A	I		I	I							M	0	0	0, 4, 1		0	0
94	94	559/2	559/2	0.5	1/8	1/8	6/8	2	1		vi	A	I		vi	vi							m	0	0	3, 0, 4		3	3
94	94	280	280	0.5	1/4	1/4	6/8	2	1		ii6	A	I		ii6	ii		6					m	0	0	-1, 3, 2		2	-1
94	94	561/2	561/2	1.5	3/8	3/8	6/8	2	1		V|HC}	A	I		V	V					HC	}	M	0	0	1, 5, 2		1	1
95	95	282	282	1.5	0	0	6/8	2	1		I{	A	I		I	I						{	M	0	0	0, 4, 1		0	0
95	95	567/2	567/2	1.5	3/8	3/8	6/8	2	1		I	A	I		I	I							M	0	0	0, 4, 1		0	0
96	96	285	285	1.5	0	0	6/8	2	1		V	A	I		V	V							M	0	0	1, 5, 2		1	1
96	96	573/2	573/2	1.5	3/8	3/8	6/8	2	1		V7	A	I		V7	V		7					Mm7	0	0	1, 5, 2, -1		1	1
97	97	288	288	1.0	0	0	6/8	2	1		vi7	A	I		vi7	vi		7					mm7	0	0	3, 0, 4, 1		3	3
97	97	289	289	0.5	1/4	1/4	6/8	2	1		V6	A	I		V6	V		6					M	0	0	5, 2, 1		1	5
97	97	579/2	579/2	1.0	3/8	3/8	6/8	2	1		I	A	I		I	I							M	0	0	0, 4, 1		0	0
97	97	581/2	581/2	0.5	5/8	5/8	6/8	2	1		ii65	A	I		ii65	ii		65					mm7	0	0	-1, 3, 0, 2		2	-1
98	98		291		0	0	6/8	2	1	1	V(64)	A	I		V(64)	V			64				M	0	0	1, 0, 4		1	1
98	98		292		1/4	1/4	6/8	2	1	1	V7(4)	A	I		V7(4)	V		7	4				Mm7	0	0	1, 0, 2, -1		1	1
98	98		1169/4		5/16	5/16	6/8	2	1	1	V7	A	I		V7	V		7					Mm7	0	0	1, 5, 2, -1		1	1
98	98		585/2		3/8	3/8	6/8	2	1	1	I(974)}	A	I		I(974)	I			974			}	M	0	0	0, -1, 1	2, 5	0	0
98	98		293		1/2	1/2	6/8	2	1	1	I|PAC	A	I		I	I					PAC		M	0	0	0, 4, 1		0	0
99	98	291	294	1.0	0	0	6/8	2	1	2	V(64)	A	I		V(64)	V			64				M	0	0	1, 0, 4		1	1
99	98	292	295	0.25	1/4	1/4	6/8	2	1	2	V7(4)	A	I		V7(4)	V		7	4				Mm7	0	0	1, 0, 2, -1		1	1
99	98	1169/4	1181/4	0.25	5/16	5/16	6/8	2	1	2	V7	A	I		V7	V		7					Mm7	0	0	1, 5, 2, -1		1	1
99	98	585/2	591/2	0.5	3/8	3/8	6/8	2	1	2	I(974)}	A	I		I(974)	I			974			}	M	0	0	0, -1, 1	2, 5	0	0
99	98	293	296	1.0	1/2	1/2	6/8	2	1	2	I|PAC	A	I		I	I					PAC		M	0	0	0, 4, 1		0	0
100	99	294	297	0.5	0	0	6/8	2	1		I[I{	A	I	I	I	I						{	M	0	0	0, 4, 1		0	0
100	99	589/2	595/2	0.5	1/8	1/8	6/8	2	1		viio6	A	I	I	viio6	vii	o	6					o	0	0	2, -1, 5		5	2
100	99	295	298	0.5	1/4	1/4	6/8	2	1		V7/IV	A	I	I	V7/IV	V		7		IV			Mm7	0	0	0, 4, 1, -2		0	0
100	99	591/2	597/2	0.5	3/8	3/8	6/8	2	1		IV64]	A	I	I	IV64	IV		64					M	0	0	0, -1, 3		-1	0
100	99	296	299	0.5	1/2	1/2	6/8	2	1		IV6	A	I		IV6	IV		6					M	0	0	3, 0, -1		-1	3
100	99	593/2	599/2	0.5	5/8	5/8	6/8	2	1		IV	A	I		IV	IV							M	0	0	-1, 3, 0		-1	-1
101	100	297	300	2.0	0	0	6/8	2	1		I(64)	A	I		I(64)	I			64				M	0	0	0, -1, 3		0	0
101	100	299	302	2.5	1/2	1/2	6/8	2	1		I	A	I		I	I							M	0	0	0, 4, 1		0	0
102	101	603/2	609/2	1.5	3/8	3/8	6/8	2	1		V43	A	I		V43	V		43					Mm7	0	0	2, -1, 1, 5		1	2
103	102	303	306	0.5	0	0	6/8	2	1		I	A	I		I	I							M	0	0	0, 4, 1		0	0
103	102	607/2	613/2	0.5	1/8	1/8	6/8	2	1		V65	A	I		V65	V		65					Mm7	0	0	5, 2, -1, 1		1	5
103	102	304	307	0.5	1/4	1/4	6/8	2	1		I	A	I		I	I							M	0	0	0, 4, 1		0	0
103	102	609/2	615/2	0.5	3/8	3/8	6/8	2	1		V(64)}	A	I		V(64)	V			64			}	M	0	0	1, 0, 4		1	1
103	102	305	308	1.0	1/2	1/2	6/8	2	1		V|HC	A	I		V	V					HC		M	0	0	1, 5, 2		1	1
104	103	306	309	1.25	0	0	6/8	2	1		I{	A	I		I	I						{	M	0	0	0, 4, 1		0	0
104	103	1229/4	1241/4	0.25	5/16	5/16	6/8	2	1		V43	A	I		V43	V		43					Mm7	0	0	2, -1, 1, 5		1	2
104	103	615/2	621/2	1.5	3/8	3/8	6/8	2	1		I	A	I		I	I							M	0	0	0, 4, 1		0	0
105	104	309	312	1.25	0	0	6/8	2	1		V6	A	I		V6	V		6					M	0	0	5, 2, 1		1	5
105	104	1241/4	1253/4	0.25	5/16	5/16	6/8	2	1		I	A	I		I	I							M	0	0	0, 4, 1		0	0
105	104	621/2	627/2	0.5	3/8	3/8	6/8	2	1		V43	A	I		V43	V		43					Mm7	0	0	2, -1, 1, 5		1	2
105	104	311	314	0.5	1/2	1/2	6/8	2	1		V65	A	I		V65	V		65					Mm7	0	0	5, 2, -1, 1		1	5
105	104	623/2	629/2	0.5	5/8	5/8	6/8	2	1		V	A	I		V	V							M	0	0	1, 5, 2		1	1
106	105	312	315	1.0	0	0	6/8	2	1		vi7	A	I		vi7	vi		7					mm7	0	0	3, 0, 4, 1		3	3
106	105	313	316	0.5	1/4	1/4	6/8	2	1		V6	A	I		V6	V		6					M	0	0	5, 2, 1		1	5
106	105	627/2	633/2	1.0	3/8	3/8	6/8	2	1		I	A	I		I	I							M	0	0	0, 4, 1		0	0
106	105	629/2	635/2	0.5	5/8	5/8	6/8	2	1		ii65	A	I		ii65	ii		65					mm7	0	0	-1, 3, 0, 2		2	-1
107	106	315	318	1.0	0	0	6/8	2	1		V(64)	A	I		V(64)	V			64				M	0	0	1, 0, 4		1	1
107	106	316	319	0.25	1/4	1/4	6/8	2	1		V7(4)	A	I		V7(4)	V		7	4				Mm7	0	0	1, 0, 2, -1		1	1
107	106	1265/4	1277/4	0.25	5/16	5/16	6/8	2	1		V7	A	I		V7	V		7					Mm7	0	0	1, 5, 2, -1		1	1
107	106	633/2	639/2	1.0	3/8	3/8	6/8	2	1		I(974)}	A	I		I(974)	I			974			}	M	0	0	0, -1, 1	2, 5	0	0
107	106	635/2	641/2	1.5	5/8	5/8	6/8	2	1		I|IAC	A	I		I	I					IAC		M	0	0	0, 4, 1		0	0
108	107	318	321	0.0	0	0	6/8	2	1		{	A	I									{		0	0				
108	107	319	322	0.5	1/4	1/4	6/8	2	1		viio6	A	I		viio6	vii	o	6					o	0	0	2, -1, 5		5	2
108	107	639/2	645/2	1.0	3/8	3/8	6/8	2	1		I6	A	I		I6	I		6					M	0	0	4, 1, 0		0	4
108	107	641/2	647/2	0.5	5/8	5/8	6/8	2	1		ii6	A	I		ii6	ii		6					m	0	0	-1, 3, 2		2	-1
109	108		324		0	0	6/8	2	1	1	V(64)	A	I		V(64)	V			64				M	0	0	1, 0, 4		1	1
109	108		325		1/4	1/4	6/8	2	1	1	V7	A	I		V7	V		7					Mm7	0	0	1, 5, 2, -1		1	1
109	108		651/2		3/8	3/8	6/8	2	1	1	I(974)}	A	I		I(974)	I			974			}	M	0	0	0, -1, 1	2, 5	0	0
109	108		326		1/2	1/2	6/8	2	1	1	I	A	I		I	I							M	0	0	0, 4, 1		0	0
109	108		653/2	0.0	5/8	5/8	6/8	2	1	1	|PAC	A	I								PAC			0	0				
110	108	321	327	1.0	0	0	6/8	2	1	2	V(64)	A	I		V(64)	V			64				M	0	0	1, 0, 4		1	1
110	108	322	328	0.5	1/4	1/4	6/8	2	1	2	V7	A	I		V7	V		7					Mm7	0	0	1, 5, 2, -1		1	1
110	108	645/2	657/2	1.0	3/8	3/8	6/8	2	1	2	I(974)}	A	I		I(974)	I			974			}	M	0	0	0, -1, 1	2, 5	0	0
110	108	647/2	659/2	1.5	5/8	5/8	6/8	2	1	2	I|PAC	A	I		I	I					PAC		M	0	0	0, 4, 1		0	0
111	109	324	330	0.0	0	0	4/4	2	1		{	A	I									{		0	0				
111	109	325	331	1.0	1/4	1/4	4/4	2	1		V43	A	I		V43	V		43					Mm7	0	0	2, -1, 1, 5		1	2
111	109	326	332	1.0	1/2	1/2	4/4	2	1		I6	A	I		I6	I		6					M	0	0	4, 1, 0		0	4
111	109	327	333	1.0	3/4	3/4	4/4	2	1		I	A	I		I	I							M	0	0	0, 4, 1		0	0
112	110	328	334	1.0	0	0	4/4	2	1		V6	A	I		V6	V		6					M	0	0	5, 2, 1		1	5
112	110	329	335	1.0	1/4	1/4	4/4	2	1		I	A	I		I	I							M	0	0	0, 4, 1		0	0
112	110	330	336	1.0	1/2	1/2	4/4	2	1		V43	A	I		V43	V		43					Mm7	0	0	2, -1, 1, 5		1	2
112	110	331	337	1.0	3/4	3/4	4/4	2	1		V2	A	I		V2	V		2					Mm7	0	0	-1, 1, 5, 2		1	-1
113	111	332	338	2.0	0	0	4/4	2	1		I6	A	I		I6	I		6					M	0	0	4, 1, 0		0	4
113	111	334	340	2.0	1/2	1/2	4/4	2	1		V6	A	I		V6	V		6					M	0	0	5, 2, 1		1	5
114	112	336	342	1.0	0	0	4/4	2	1		I	A	I		I	I							M	0	0	0, 4, 1		0	0
114	112	337	343	1.0	1/4	1/4	4/4	2	1		ii6	A	I		ii6	ii		6					m	0	0	-1, 3, 2		2	-1
114	112	338	344	1.0	1/2	1/2	4/4	2	1		V(64)}	A	I		V(64)	V			64			}	M	0	0	1, 0, 4		1	1
114	112	339	345	1.0	3/4	3/4	4/4	2	1		V|HC	A	I		V	V					HC		M	0	0	1, 5, 2		1	1
115	113	340	346	4.0	0	0	4/4	2	1		I{	A	I		I	I						{	M	0	0	0, 4, 1		0	0
116	114	344	350	2.0	0	0	4/4	2	1		V	A	I		V	V							M	0	0	1, 5, 2		1	1
116	114	346	352	2.0	1/2	1/2	4/4	2	1		V7	A	I		V7	V		7					Mm7	0	0	1, 5, 2, -1		1	1
117	115	348	354	1.0	0	0	4/4	2	1		vi	A	I		vi	vi							m	0	0	3, 0, 4		3	3
117	115	349	355	1.0	1/4	1/4	4/4	2	1		viio	A	I		viio	vii	o						o	0	0	5, 2, -1		5	5
117	115	350	356	1.0	1/2	1/2	4/4	2	1		I	A	I		I	I							M	0	0	0, 4, 1		0	0
117	115	351	357	0.5	3/4	3/4	4/4	2	1		IV	A	I		IV	IV							M	0	0	-1, 3, 0		-1	-1
117	115	703/2	715/2	0.5	7/8	7/8	4/4	2	1		viio	A	I		viio	vii	o						o	0	0	5, 2, -1		5	5
118	116	352	358	0.5	0	0	4/4	2	1		I	A	I		I	I							M	0	0	0, 4, 1		0	0
118	116	705/2	717/2	0.5	1/8	1/8	4/4	2	1		vi	A	I		vi	vi							m	0	0	3, 0, 4		3	3
118	116	353	359	0.5	1/4	1/4	4/4	2	1		ii6	A	I		ii6	ii		6					m	0	0	-1, 3, 2		2	-1
118	116	707/2	719/2	0.5	3/8	3/8	4/4	2	1		V	A	I		V	V							M	0	0	1, 5, 2		1	1
118	116	354	360	4.0	1/2	1/2	4/4	2	1		I|PAC}	A	I		I	I					PAC	}	M	0	0	0, 4, 1		0	0
119	117	356	362	0.0	0	0	4/4	2	1		{	A	I									{		0	0				
119	117	358	364	4.0	1/2	1/2	4/4	2	1		IV64	A	I		IV64	IV		64					M	0	0	0, -1, 3		-1	0
120	118	362	368	4.0	1/2	1/2	4/4	2	1		I	A	I		I	I							M	0	0	0, 4, 1		0	0
121	119	366	372	2.0	1/2	1/2	4/4	2	1		viio6	A	I		viio6	vii	o	6					o	0	0	2, -1, 5		5	2
122	120	368	374	1.0	0	0	4/4	2	1		I6	A	I		I6	I		6					M	0	0	4, 1, 0		0	4
122	120	369	375	1.0	1/4	1/4	4/4	2	1		ii6	A	I		ii6	ii		6					m	0	0	-1, 3, 2		2	-1
122	120	370	376	2.0	1/2	1/2	4/4	2	1		V|HC}	A	I		V	V					HC	}	M	0	0	1, 5, 2		1	1
123	121	372	378	1.0	0	0	4/4	2	1		I{	A	I		I	I						{	M	0	0	0, 4, 1		0	0
123	121	373	379	1.0	1/4	1/4	4/4	2	1		V43	A	I		V43	V		43					Mm7	0	0	2, -1, 1, 5		1	2
123	121	374	380	1.0	1/2	1/2	4/4	2	1		I6	A	I		I6	I		6					M	0	0	4, 1, 0		0	4
123	121	375	381	1.0	3/4	3/4	4/4	2	1		I	A	I		I	I							M	0	0	0, 4, 1		0	0
124	122	376	382	1.0	0	0	4/4	2	1		V6	A	I		V6	V		6					M	0	0	5, 2, 1		1	5
124	122	377	383	1.0	1/4	1/4	4/4	2	1		I	A	I		I	I							M	0	0	0, 4, 1		0	0
124	122	378	384	1.0	1/2	1/2	4/4	2	1		V43	A	I		V43	V		43					Mm7	0	0	2, -1, 1, 5		1	2
124	122	379	385	1.0	3/4	3/4	4/4	2	1		V6	A	I		V6	V		6					M	0	0	5, 2, 1		1	5
125	123	380	386	1.0	0	0	4/4	2	1		vi7	A	I		vi7	vi		7					mm7	0	0	3, 0, 4, 1		3	3
125	123	381	387	1.0	1/4	1/4	4/4	2	1		V6	A	I		V6	V		6					M	0	0	5, 2, 1		1	5
125	123	382	388	1.0	1/2	1/2	4/4	2	1		I	A	I		I	I							M	0	0	0, 4, 1		0	0
125	123	383	389	1.0	3/4	3/4	4/4	2	1		ii6	A	I		ii6	ii		6					m	0	0	-1, 3, 2		2	-1
126	124	384	390	1.0	0	0	4/4	2	1		V(64)	A	I		V(64)	V			64				M	0	0	1, 0, 4		1	1
126	124	385	391	1.0	1/4	1/4	4/4	2	1		V	A	I		V	V							M	0	0	1, 5, 2		1	1
126	124	386	392	1.0	1/2	1/2	4/4	2	1		I(974)}	A	I		I(974)	I			974			}	M	0	0	0, -1, 1	2, 5	0	0
126	124	387	393	2.0	3/4	3/4	4/4	2	1		I|IAC	A	I		I	I					IAC		M	0	0	0, 4, 1		0	0
127	125	388	394	0.0	0	0	4/4	2	1		{	A	I									{		0	0				
127	125	389	395	1.0	1/4	1/4	4/4	2	1		vii%65	A	I		vii%65	vii	%	65					%7	0	0	2, -1, 3, 5		5	2
127	125	390	396	1.0	1/2	1/2	4/4	2	1		I6	A	I		I6	I		6					M	0	0	4, 1, 0		0	4
127	125	391	397	1.0	3/4	3/4	4/4	2	1		IV	A	I		IV	IV							M	0	0	-1, 3, 0		-1	-1
128	126		398		0	0	4/4	2	1	1	V(64)	A	I		V(64)	V			64				M	0	0	1, 0, 4		1	1
128	126		399		1/4	1/4	4/4	2	1	1	V7	A	I		V7	V		7					Mm7	0	0	1, 5, 2, -1		1	1
128	126		400		1/2	1/2	4/4	2	1	1	I|PAC}	A	I		I	I					PAC	}	M	0	0	0, 4, 1		0	0
129	126	392	402	1.0	0	0	4/4	2	1	2	V(64)	A	I		V(64)	V			64				M	0	0	1, 0, 4		1	1
129	126	393	403	1.0	1/4	1/4	4/4	2	1	2	V7	A	I		V7	V		7					Mm7	0	0	1, 5, 2, -1		1	1
129	126	394	404	2.0	1/2	1/2	4/4	2	1	2	I|PAC}{	A	I		I	I					PAC	}{	M	0	0	0, 4, 1		0	0
130	127	396	406	2.0	0	0	4/4	2	1		I(64)	A	I		I(64)	I			64				M	0	0	0, -1, 3		0	0
130	127	398	408	2.0	1/2	1/2	4/4	2	1		I	A	I		I	I							M	0	0	0, 4, 1		0	0
131	128	400	410	2.0	0	0	4/4	2	1		I(64)	A	I		I(64)	I			64				M	0	0	0, -1, 3		0	0
131	128	402	412	2.0	1/2	1/2	4/4	2	1		I	A	I		I	I							M	0	0	0, 4, 1		0	0
132	129	404	414	2.0	0	0	4/4	2	1		ii6	A	I		ii6	ii		6					m	0	0	-1, 3, 2		2	-1
132	129	406	416	2.0	1/2	1/2	4/4	2	1		V(64)	A	I		V(64)	V			64				M	0	0	1, 0, 4		1	1
133	130	408	418	2.0	0	0	4/4	2	1		V2	A	I		V2	V		2					Mm7	0	0	-1, 1, 5, 2		1	-1
133	130	410	420	2.0	1/2	1/2	4/4	2	1		I6	A	I		I6	I		6					M	0	0	4, 1, 0		0	4
134	131	412	422	2.0	0	0	4/4	2	1		ii6	A	I		ii6	ii		6					m	0	0	-1, 3, 2		2	-1
134	131	414	424	2.0	1/2	1/2	4/4	2	1		V(64)	A	I		V(64)	V			64				M	0	0	1, 0, 4		1	1
135	132	416	426	2.0	0	0	4/4	2	1		V	A	I		V	V							M	0	0	1, 5, 2		1	1
135	132	418	428	1.0	1/2	1/2	4/4	2	1		I|PAC}	A	I		I	I					PAC	}	M	0	0	0, 4, 1		0	0
135	132	419	429	1.0	3/4	3/4	4/4	2	1		V65	A	I		V65	V		65					Mm7	0	0	5, 2, -1, 1		1	5
136	133	420	430	1.0	0	0	4/4	2	1		I	A	I		I	I							M	0	0	0, 4, 1		0	0
136	133	421	431	1.0	1/4	1/4	4/4	2	1		V	A	I		V	V							M	0	0	1, 5, 2		1	1
136	133	422	432	1.0	1/2	1/2	4/4	2	1		I|PAC	A	I		I	I					PAC		M	0	0	0, 4, 1		0	0
136	133	423	433	1.0	3/4	3/4	4/4	2	1		V65	A	I		V65	V		65					Mm7	0	0	5, 2, -1, 1		1	5
137	134	424	434	1.0	0	0	4/4	2	1		I	A	I		I	I							M	0	0	0, 4, 1		0	0
137	134	425	435	1.0	1/4	1/4	4/4	2	1		V	A	I		V	V							M	0	0	1, 5, 2		1	1
137	134	426	436	2.0	1/2	1/2	4/4	2	1		I|PAC	A	I		I	I					PAC		M	0	0	0, 4, 1		0	0
